﻿[
  {
    "Author": "The Brotli Authors",
    "License": "MIT License",
    "Name": "Brotli",
    "URL": "https://github.com/google/brotli",
    "Version": "1.1.0"
  },
  {
    "Author": "Laurent LAPORTE",
    "License": "MIT License",
    "Name": "Deprecated",
    "URL": "https://github.com/laurent-laporte-pro/deprecated",
    "Version": "1.2.18"
  },
  {
    "Author": "UNKNOWN",
    "License": "BSD License",
    "Name": "Jinja2",
    "URL": "https://github.com/pallets/jinja/",
    "Version": "3.1.6"
  },
  {
    "Author": "Manfred Stienstra, Yuri Takhteyev",
    "License": "UNKNOWN",
    "Name": "Markdown",
    "URL": "https://Python-Markdown.github.io/",
    "Version": "3.8.2"
  },
  {
    "Author": "UNKNOWN",
    "License": "BSD License",
    "Name": "MarkupSafe",
    "URL": "https://github.com/pallets/markupsafe/",
    "Version": "3.0.2"
  },
  {
    "Author": "Al Sweigart",
    "License": "GNU General Public License v3 or later (GPLv3+)",
    "Name": "MouseInfo",
    "URL": "https://github.com/asweigart/mouseinfo",
    "Version": "0.1.3"
  },
  {
    "Author": "Al Sweigart",
    "License": "BSD License",
    "Name": "PyAutoGUI",
    "URL": "https://github.com/asweigart/pyautogui",
    "Version": "0.9.54"
  },
  {
    "Author": "Al Sweigart",
    "License": "BSD License",
    "Name": "PyGetWindow",
    "URL": "https://github.com/asweigart/pygetwindow",
    "Version": "0.0.9"
  },
  {
    "Author": "Al Sweigart",
    "License": "GNU General Public License v3 or later (GPLv3+)",
    "Name": "PyMsgBox",
    "URL": "https://github.com/asweigart/pymsgbox",
    "Version": "1.0.9"
  },
  {
    "Author": "Artifex",
    "License": "Dual Licensed - GNU AFFERO GPL 3.0 or Artifex Commercial License",
    "Name": "PyMuPDF",
    "URL": "https://github.com/pymupdf/pymupdf",
    "Version": "1.26.1"
  },
  {
    "Author": "Al Sweigart",
    "License": "BSD License",
    "Name": "PyRect",
    "URL": "https://github.com/asweigart/pyrect",
    "Version": "0.2.0"
  },
  {
    "Author": "Al Sweigart",
    "License": "MIT License",
    "Name": "PyScreeze",
    "URL": "https://github.com/asweigart/pyscreeze",
    "Version": "1.0.1"
  },
  {
    "Author": "Kirill Simonov",
    "License": "MIT License",
    "Name": "PyYAML",
    "URL": "https://pyyaml.org/",
    "Version": "6.0.2"
  },
  {
    "Author": "Georg Brandl <georg@python.org>",
    "License": "BSD License",
    "Name": "Pygments",
    "URL": "https://pygments.org",
    "Version": "2.19.2"
  },
  {
    "Author": "J. Nick Koston",
    "License": "Python Software Foundation License",
    "Name": "aiohappyeyeballs",
    "URL": "https://github.com/aio-libs/aiohappyeyeballs",
    "Version": "2.6.1"
  },
  {
    "Author": "UNKNOWN",
    "License": "Apache-2.0 AND MIT",
    "Name": "aiohttp",
    "URL": "https://github.com/aio-libs/aiohttp",
    "Version": "3.12.15"
  },
  {
    "Author": "UNKNOWN",
    "License": "Apache Software License",
    "Name": "aiosignal",
    "URL": "https://github.com/aio-libs/aiosignal",
    "Version": "1.4.0"
  },
  {
    "Author": "Ronald Oussoren",
    "License": "MIT License",
    "Name": "altgraph",
    "URL": "https://altgraph.readthedocs.io",
    "Version": "0.17.4"
  },
  {
    "Author": "Adrian Garcia Badaracco <1755071+adriangb@users.noreply.github.com>, Samuel Colvin <s@muelcolvin.com>, Zac Hatfield-Dodds <zac@zhd.dev>",
    "License": "MIT License",
    "Name": "annotated-types",
    "URL": "https://github.com/annotated-types/annotated-types",
    "Version": "0.7.0"
  },
  {
    "Author": "Alex Gr\u00f6nholm <alex.gronholm@nextday.fi>",
    "License": "MIT License",
    "Name": "anyio",
    "URL": "https://anyio.readthedocs.io/en/stable/versionhistory.html",
    "Version": "4.9.0"
  },
  {
    "Author": "Hynek Schlawack <hs@ox.cx>",
    "License": "UNKNOWN",
    "Name": "attrs",
    "URL": "https://www.attrs.org/en/stable/changelog.html",
    "Version": "25.3.0"
  },
  {
    "Author": "Leonard Richardson <leonardr@segfault.org>",
    "License": "MIT License",
    "Name": "beautifulsoup4",
    "URL": "https://www.crummy.com/software/BeautifulSoup/bs4/",
    "Version": "4.13.4"
  },
  {
    "Author": "\u0141ukasz Langa <lukasz@langa.pl>",
    "License": "MIT License",
    "Name": "black",
    "URL": "https://github.com/psf/black",
    "Version": "25.1.0"
  },
  {
    "Author": "Mahmoud Hashemi",
    "License": "BSD License",
    "Name": "boltons",
    "URL": "https://github.com/mahmoud/boltons",
    "Version": "21.0.0"
  },
  {
    "Author": "Sebastian Kraemer",
    "License": "BSD-2-Clause",
    "Name": "boolean.py",
    "URL": "https://github.com/bastikr/boolean.py",
    "Version": "5.0"
  },
  {
    "Author": "Marcel Hellkamp",
    "License": "MIT License",
    "Name": "bottle",
    "URL": "http://bottlepy.org/",
    "Version": "0.13.4"
  },
  {
    "Author": "Isaac Muse <Isaac.Muse@gmail.com>",
    "License": "MIT License",
    "Name": "bracex",
    "URL": "https://github.com/facelessuser/bracex",
    "Version": "2.6"
  },
  {
    "Author": "Logun <logun.johnston@gmail.com>",
    "License": "UNKNOWN",
    "Name": "bulletin_builder",
    "URL": "UNKNOWN",
    "Version": "0.1.0"
  },
  {
    "Author": "Logun <logun.johnston@gmail.com>",
    "License": "UNKNOWN",
    "Name": "bulletin_builder",
    "URL": "UNKNOWN",
    "Version": "0.1.0"
  },
  {
    "Author": "Thomas Kemmer",
    "License": "MIT License",
    "Name": "cachetools",
    "URL": "https://github.com/tkem/cachetools/",
    "Version": "5.5.2"
  },
  {
    "Author": "Kenneth Reitz",
    "License": "Mozilla Public License 2.0 (MPL 2.0)",
    "Name": "certifi",
    "URL": "https://github.com/certifi/python-certifi",
    "Version": "2025.6.15"
  },
  {
    "Author": "Armin Rigo, Maciej Fijalkowski",
    "License": "MIT License",
    "Name": "cffi",
    "URL": "http://cffi.readthedocs.org",
    "Version": "1.17.1"
  },
  {
    "Author": "\"Ahmed R. TAHRI\" <tahri.ahmed@proton.me>",
    "License": "MIT License",
    "Name": "charset-normalizer",
    "URL": "https://github.com/jawah/charset_normalizer/blob/master/CHANGELOG.md",
    "Version": "3.4.2"
  },
  {
    "Author": "UNKNOWN",
    "License": "BSD License",
    "Name": "click",
    "URL": "https://github.com/pallets/click/",
    "Version": "8.1.8"
  },
  {
    "Author": "UNKNOWN",
    "License": "UNKNOWN",
    "Name": "click",
    "URL": "https://github.com/pallets/click/",
    "Version": "8.2.1"
  },
  {
    "Author": "Benedikt Reinartz <filmor@gmail.com>",
    "License": "MIT License",
    "Name": "clr_loader",
    "URL": "UNKNOWN",
    "Version": "0.2.7.post0"
  },
  {
    "Author": "Jonathan Hartley <tartley@tartley.com>",
    "License": "BSD License",
    "Name": "colorama",
    "URL": "https://github.com/tartley/colorama",
    "Version": "0.4.6"
  },
  {
    "Author": "Ian Thomas <ianthomas23@gmail.com>",
    "License": "BSD License",
    "Name": "contourpy",
    "URL": "https://github.com/contourpy/contourpy",
    "Version": "1.3.3"
  },
  {
    "Author": "Ian Bicking",
    "License": "BSD License",
    "Name": "cssselect",
    "URL": "https://github.com/scrapy/cssselect",
    "Version": "1.3.0"
  },
  {
    "Author": "Simon Sapin <simon.sapin@exyr.org>",
    "License": "BSD License",
    "Name": "cssselect2",
    "URL": "https://doc.courtbouillon.org/cssselect2/",
    "Version": "0.8.0"
  },
  {
    "Author": "Christof Hoeke <c@cthedot.de>",
    "License": "GNU Library or Lesser General Public License (LGPL)",
    "Name": "cssutils",
    "URL": "https://github.com/jaraco/cssutils",
    "Version": "2.11.1"
  },
  {
    "Author": "Tom Schimansky",
    "License": "MIT License",
    "Name": "customtkinter",
    "URL": "https://customtkinter.tomschimansky.com",
    "Version": "5.2.2"
  },
  {
    "Author": "Thomas A Caswell <matplotlib-users@python.org>",
    "License": "BSD License",
    "Name": "cycler",
    "URL": "https://matplotlib.org/cycler/",
    "Version": "0.12.1"
  },
  {
    "Author": "Alberto Sottile <asottile@gmail.com>",
    "License": "BSD License",
    "Name": "darkdetect",
    "URL": "http://github.com/albertosottile/darkdetect",
    "Version": "0.8.0"
  },
  {
    "Author": "Christian Heimes",
    "License": "Python Software Foundation License",
    "Name": "defusedxml",
    "URL": "https://github.com/tiran/defusedxml",
    "Version": "0.7.1"
  },
  {
    "Author": "Nir Cohen",
    "License": "Apache Software License",
    "Name": "distro",
    "URL": "https://github.com/python-distro/distro",
    "Version": "1.9.0"
  },
  {
    "Author": "See AUTHORS.txt",
    "License": "MIT License",
    "Name": "et_xmlfile",
    "URL": "https://foss.heptapod.net/openpyxl/et_xmlfile",
    "Version": "2.0.0"
  },
  {
    "Author": "Alex Gr\u00f6nholm <alex.gronholm@nextday.fi>",
    "License": "MIT License",
    "Name": "exceptiongroup",
    "URL": "https://github.com/agronholm/exceptiongroup/blob/main/CHANGES.rst",
    "Version": "1.2.2"
  },
  {
    "Author": "Mahmoud Hashemi",
    "License": "BSD",
    "Name": "face",
    "URL": "https://github.com/mahmoud/face",
    "Version": "24.0.0"
  },
  {
    "Author": "UNKNOWN",
    "License": "The Unlicense (Unlicense)",
    "Name": "filelock",
    "URL": "https://github.com/tox-dev/py-filelock",
    "Version": "3.19.1"
  },
  {
    "Author": "Elliott Zheng",
    "License": "MIT",
    "Name": "flash",
    "URL": "UNKNOWN",
    "Version": "1.0.3"
  },
  {
    "Author": "Just van Rossum",
    "License": "MIT",
    "Name": "fonttools",
    "URL": "http://github.com/fonttools/fonttools",
    "Version": "4.58.5"
  },
  {
    "Author": "UNKNOWN",
    "License": "Apache-2.0",
    "Name": "frozenlist",
    "URL": "https://github.com/aio-libs/frozenlist",
    "Version": "1.7.0"
  },
  {
    "Author": "Elijah Newren <newren@gmail.com>",
    "License": "MIT License",
    "Name": "git-filter-repo",
    "URL": "https://github.com/newren/git-filter-repo",
    "Version": "2.47.0"
  },
  {
    "Author": "Mahmoud Hashemi and Kurt Rose",
    "License": "BSD License",
    "Name": "glom",
    "URL": "https://github.com/mahmoud/glom",
    "Version": "22.1.0"
  },
  {
    "Author": "Mario Vilas",
    "License": "BSD License",
    "Name": "google",
    "URL": "http://breakingcode.wordpress.com/",
    "Version": "3.0.0"
  },
  {
    "Author": "Google LLC",
    "License": "Apache Software License",
    "Name": "google-ai-generativelanguage",
    "URL": "https://github.com/googleapis/google-cloud-python/tree/main/packages/google-ai-generativelanguage",
    "Version": "0.6.15"
  },
  {
    "Author": "Google LLC <googleapis-packages@google.com>",
    "License": "Apache Software License",
    "Name": "google-api-core",
    "URL": "https://github.com/googleapis/python-api-core",
    "Version": "2.25.1"
  },
  {
    "Author": "Google LLC",
    "License": "Apache Software License",
    "Name": "google-api-python-client",
    "URL": "https://github.com/googleapis/google-api-python-client/",
    "Version": "2.176.0"
  },
  {
    "Author": "Google Cloud Platform",
    "License": "Apache Software License",
    "Name": "google-auth",
    "URL": "https://github.com/googleapis/google-auth-library-python",
    "Version": "2.40.3"
  },
  {
    "Author": "Google Cloud Platform",
    "License": "Apache Software License",
    "Name": "google-auth-httplib2",
    "URL": "https://github.com/GoogleCloudPlatform/google-auth-library-python-httplib2",
    "Version": "0.2.0"
  },
  {
    "Author": "Google LLC",
    "License": "Apache Software License",
    "Name": "google-generativeai",
    "URL": "https://github.com/google/generative-ai-python",
    "Version": "0.8.5"
  },
  {
    "Author": "Google LLC <googleapis-packages@google.com>",
    "License": "Apache Software License",
    "Name": "googleapis-common-protos",
    "URL": "https://github.com/googleapis/google-cloud-python/tree/main/packages/googleapis-common-protos",
    "Version": "1.70.0"
  },
  {
    "Author": "Alexey Borzenkov",
    "License": "MIT AND Python-2.0",
    "Name": "greenlet",
    "URL": "https://greenlet.readthedocs.io/",
    "Version": "3.2.3"
  },
  {
    "Author": "The gRPC Authors",
    "License": "Apache Software License",
    "Name": "grpcio",
    "URL": "https://grpc.io",
    "Version": "1.73.1"
  },
  {
    "Author": "The gRPC Authors",
    "License": "Apache Software License",
    "Name": "grpcio-status",
    "URL": "https://grpc.io",
    "Version": "1.71.2"
  },
  {
    "Author": "Nathaniel J. Smith",
    "License": "MIT License",
    "Name": "h11",
    "URL": "https://github.com/python-hyper/h11",
    "Version": "0.16.0"
  },
  {
    "Author": "Tom Christie <tom@tomchristie.com>",
    "License": "BSD License",
    "Name": "httpcore",
    "URL": "https://www.encode.io/httpcore/",
    "Version": "1.0.9"
  },
  {
    "Author": "Joe Gregorio",
    "License": "MIT License",
    "Name": "httplib2",
    "URL": "https://github.com/httplib2/httplib2",
    "Version": "0.22.0"
  },
  {
    "Author": "Tom Christie <tom@tomchristie.com>",
    "License": "BSD License",
    "Name": "httpx",
    "URL": "https://github.com/encode/httpx",
    "Version": "0.28.1"
  },
  {
    "Author": "Plone Foundation <plone-developers@lists.sourceforge.net>",
    "License": "BSD License",
    "Name": "icalendar",
    "URL": "https://icalendar.readthedocs.io/",
    "Version": "6.3.1"
  },
  {
    "Author": "Kim Davies <kim+pypi@gumleaf.org>",
    "License": "BSD License",
    "Name": "idna",
    "URL": "https://github.com/kjd/idna",
    "Version": "3.10"
  },
  {
    "Author": "Jason R. Coombs",
    "License": "Apache Software License",
    "Name": "importlib_metadata",
    "URL": "https://github.com/python/importlib_metadata",
    "Version": "7.1.0"
  },
  {
    "Author": "Ronny Pfannschmidt <opensource@ronnypfannschmidt.de>, Holger Krekel <holger.krekel@gmail.com>",
    "License": "MIT License",
    "Name": "iniconfig",
    "URL": "https://github.com/pytest-dev/iniconfig",
    "Version": "2.1.0"
  },
  {
    "Author": "Timothy Crosley <timothy.crosley@gmail.com>, staticdev <staticdev-support@proton.me>",
    "License": "MIT License",
    "Name": "isort",
    "URL": "https://github.com/PyCQA/isort/releases",
    "Version": "6.0.1"
  },
  {
    "Author": "Samuel Colvin <samuel@pydantic.dev>",
    "License": "MIT License",
    "Name": "jiter",
    "URL": "https://github.com/pydantic/jiter/",
    "Version": "0.10.0"
  },
  {
    "Author": "Julian Berman <Julian+jsonschema-specifications@GrayVines.com>",
    "License": "UNKNOWN",
    "Name": "jsonschema-specifications",
    "URL": "https://github.com/python-jsonschema/jsonschema-specifications",
    "Version": "2025.4.1"
  },
  {
    "Author": "The Nucleic Development Team <sccolbert@gmail.com>",
    "License": "BSD License",
    "Name": "kiwisolver",
    "URL": "https://github.com/nucleic/kiwi",
    "Version": "1.4.9"
  },
  {
    "Author": "nexB. Inc. and others",
    "License": "Apache-2.0",
    "Name": "license-expression",
    "URL": "https://github.com/aboutcode-org/license-expression",
    "Version": "30.4.4"
  },
  {
    "Author": "lxml dev team",
    "License": "BSD License",
    "Name": "lxml",
    "URL": "https://lxml.de/",
    "Version": "5.4.0"
  },
  {
    "Author": "Chris Sewell <chrisj_sewell@hotmail.com>",
    "License": "MIT License",
    "Name": "markdown-it-py",
    "URL": "https://github.com/executablebooks/markdown-it-py",
    "Version": "4.0.0"
  },
  {
    "Author": "John D. Hunter, Michael Droettboom",
    "License": "Python Software Foundation License",
    "Name": "matplotlib",
    "URL": "https://matplotlib.org",
    "Version": "3.10.5"
  },
  {
    "Author": "Taneli Hukkinen <hukkin@users.noreply.github.com>",
    "License": "MIT License",
    "Name": "mdurl",
    "URL": "https://github.com/executablebooks/mdurl",
    "Version": "0.1.2"
  },
  {
    "Author": "Erik Rose <erikrose@grinchcentral.com>",
    "License": "MIT License",
    "Name": "more-itertools",
    "URL": "https://github.com/more-itertools/more-itertools",
    "Version": "10.7.0"
  },
  {
    "Author": "Inada Naoki <songofacandy@gmail.com>",
    "License": "Apache 2.0",
    "Name": "msgpack",
    "URL": "https://msgpack.org/",
    "Version": "1.1.1"
  },
  {
    "Author": "Andrew Svetlov",
    "License": "Apache License 2.0",
    "Name": "multidict",
    "URL": "https://github.com/aio-libs/multidict",
    "Version": "6.6.3"
  },
  {
    "Author": "Jukka Lehtosalo <jukka.lehtosalo@iki.fi>",
    "License": "MIT License",
    "Name": "mypy",
    "URL": "https://www.mypy-lang.org/",
    "Version": "1.17.1"
  },
  {
    "Author": "The mypy developers <jukka.lehtosalo@iki.fi>",
    "License": "UNKNOWN",
    "Name": "mypy_extensions",
    "URL": "https://github.com/python/mypy_extensions",
    "Version": "1.1.0"
  },
  {
    "Author": "Travis E. Oliphant et al.",
    "License": "BSD License",
    "Name": "numpy",
    "URL": "https://numpy.org",
    "Version": "2.3.0"
  },
  {
    "Author": "OpenAI",
    "License": "MIT License",
    "Name": "openai",
    "URL": "https://github.com/openai/openai-python",
    "Version": "0.28.0"
  },
  {
    "Author": "See AUTHORS",
    "License": "MIT License",
    "Name": "openpyxl",
    "URL": "https://openpyxl.readthedocs.io",
    "Version": "3.1.5"
  },
  {
    "Author": "OpenTelemetry Authors <cncf-opentelemetry-contributors@lists.cncf.io>",
    "License": "Apache Software License",
    "Name": "opentelemetry-api",
    "URL": "https://github.com/open-telemetry/opentelemetry-python/tree/main/opentelemetry-api",
    "Version": "1.25.0"
  },
  {
    "Author": "OpenTelemetry Authors <cncf-opentelemetry-contributors@lists.cncf.io>",
    "License": "Apache Software License",
    "Name": "opentelemetry-exporter-otlp-proto-common",
    "URL": "https://github.com/open-telemetry/opentelemetry-python/tree/main/exporter/opentelemetry-exporter-otlp-proto-common",
    "Version": "1.25.0"
  },
  {
    "Author": "OpenTelemetry Authors <cncf-opentelemetry-contributors@lists.cncf.io>",
    "License": "Apache Software License",
    "Name": "opentelemetry-proto",
    "URL": "https://github.com/open-telemetry/opentelemetry-python/tree/main/opentelemetry-proto",
    "Version": "1.25.0"
  },
  {
    "Author": "OpenTelemetry Authors <cncf-opentelemetry-contributors@lists.cncf.io>",
    "License": "Apache Software License",
    "Name": "opentelemetry-util-http",
    "URL": "https://github.com/open-telemetry/opentelemetry-python-contrib/tree/main/util/opentelemetry-util-http",
    "Version": "0.46b0"
  },
  {
    "Author": "the purl authors",
    "License": "MIT License",
    "Name": "packageurl-python",
    "URL": "https://github.com/package-url/packageurl-python",
    "Version": "0.17.5"
  },
  {
    "Author": "Donald Stufft <donald@stufft.io>",
    "License": "Apache Software License; BSD License",
    "Name": "packaging",
    "URL": "https://github.com/pypa/packaging",
    "Version": "25.0"
  },
  {
    "Author": "The Pandas Development Team <pandas-dev@python.org>",
    "License": "BSD License",
    "Name": "pandas",
    "URL": "https://pandas.pydata.org",
    "Version": "2.3.0"
  },
  {
    "Author": "\"Caleb P. Burns\" <cpburnz@gmail.com>",
    "License": "Mozilla Public License 2.0 (MPL 2.0)",
    "Name": "pathspec",
    "URL": "UNKNOWN",
    "Version": "0.12.1"
  },
  {
    "Author": "PCSuite Contributors",
    "License": "Apache-2.0",
    "Name": "pcsuite",
    "URL": "UNKNOWN",
    "Version": "0.1.0"
  },
  {
    "Author": "PCSuite Contributors",
    "License": "Apache-2.0",
    "Name": "pcsuite",
    "URL": "UNKNOWN",
    "Version": "0.1.0"
  },
  {
    "Author": "Charles Leifer",
    "License": "MIT License",
    "Name": "peewee",
    "URL": "https://github.com/coleifer/peewee/",
    "Version": "3.18.2"
  },
  {
    "Author": "Ero Carrera",
    "License": "MIT",
    "Name": "pefile",
    "URL": "https://github.com/erocarrera/pefile",
    "Version": "2023.2.7"
  },
  {
    "Author": "\"Jeffrey A. Clark\" <aclark@aclark.net>",
    "License": "Historical Permission Notice and Disclaimer (HPND)",
    "Name": "pillow",
    "URL": "https://python-pillow.org",
    "Version": "10.4.0"
  },
  {
    "Author": "\"Jeffrey A. Clark\" <aclark@aclark.net>",
    "License": "UNKNOWN",
    "Name": "pillow",
    "URL": "https://python-pillow.github.io",
    "Version": "11.2.1"
  },
  {
    "Author": "Frankie Dintino",
    "License": "MIT License",
    "Name": "pillow-avif-plugin",
    "URL": "https://github.com/fdintino/pillow-avif-plugin/",
    "Version": "1.5.2"
  },
  {
    "Author": "Dustin Ingram",
    "License": "Apache Software License",
    "Name": "pip-api",
    "URL": "http://github.com/di/pip-api",
    "Version": "0.0.34"
  },
  {
    "Author": "The pip authors, nexB. Inc. and others",
    "License": "MIT",
    "Name": "pip-requirements-parser",
    "URL": "https://github.com/nexB/pip-requirements-parser",
    "Version": "32.0.1"
  },
  {
    "Author": "UNKNOWN",
    "License": "MIT License",
    "Name": "platformdirs",
    "URL": "https://github.com/tox-dev/platformdirs",
    "Version": "4.4.0"
  },
  {
    "Author": "Microsoft Corporation",
    "License": "UNKNOWN",
    "Name": "playwright",
    "URL": "https://github.com/Microsoft/playwright-python",
    "Version": "1.54.0"
  },
  {
    "Author": "Holger Krekel <holger@merlinux.eu>",
    "License": "MIT License",
    "Name": "pluggy",
    "URL": "UNKNOWN",
    "Version": "1.6.0"
  },
  {
    "Author": "Peter Bengtsson",
    "License": "Python Software Foundation License",
    "Name": "premailer",
    "URL": "http://github.com/peterbe/premailer",
    "Version": "3.10.0"
  },
  {
    "Author": "Andrew Svetlov",
    "License": "Apache Software License",
    "Name": "propcache",
    "URL": "https://github.com/aio-libs/propcache",
    "Version": "0.3.2"
  },
  {
    "Author": "Google LLC <googleapis-packages@google.com>",
    "License": "Apache Software License",
    "Name": "proto-plus",
    "URL": "https://github.com/googleapis/proto-plus-python",
    "Version": "1.26.1"
  },
  {
    "Author": "protobuf@googlegroups.com",
    "License": "3-Clause BSD License",
    "Name": "protobuf",
    "URL": "https://developers.google.com/protocol-buffers/",
    "Version": "4.25.8"
  },
  {
    "Author": "protobuf@googlegroups.com",
    "License": "3-Clause BSD License",
    "Name": "protobuf",
    "URL": "https://developers.google.com/protocol-buffers/",
    "Version": "5.29.5"
  },
  {
    "Author": "Jonathan Tushman",
    "License": "MIT License",
    "Name": "proxy_tools",
    "URL": "http://github.com/jtushman/proxy_tools",
    "Version": "0.1.0"
  },
  {
    "Author": "Giampaolo Rodola",
    "License": "BSD License",
    "Name": "psutil",
    "URL": "https://github.com/giampaolo/psutil",
    "Version": "7.0.0"
  },
  {
    "Author": "Paul Horton",
    "License": "Apache Software License",
    "Name": "py-serializable",
    "URL": "https://github.com/madpah/serializable#readme",
    "Version": "2.1.0"
  },
  {
    "Author": "Ilya Etingof",
    "License": "BSD License",
    "Name": "pyasn1",
    "URL": "https://github.com/pyasn1/pyasn1",
    "Version": "0.6.1"
  },
  {
    "Author": "Ilya Etingof",
    "License": "BSD License",
    "Name": "pyasn1_modules",
    "URL": "https://github.com/pyasn1/pyasn1-modules",
    "Version": "0.4.2"
  },
  {
    "Author": "Eli Bendersky",
    "License": "BSD License",
    "Name": "pycparser",
    "URL": "https://github.com/eliben/pycparser",
    "Version": "2.22"
  },
  {
    "Author": "Samuel Colvin <s@muelcolvin.com>, Eric Jolibois <em.jolibois@gmail.com>, Hasan Ramezani <hasan.r67@gmail.com>, Adrian Garcia Badaracco <1755071+adriangb@users.noreply.github.com>, Terrence Dorsey <terry@pydantic.dev>, David Montague <david@pydantic.dev>, Serge Matveenko <lig@countzero.co>, Marcelo Trylesinski <marcelotryle@gmail.com>, Sydney Runkle <sydneymarierunkle@gmail.com>, David Hewitt <mail@davidhewitt.io>, Alex Hall <alex.mojaki@gmail.com>, Victorien Plot <contact@vctrn.dev>",
    "License": "MIT License",
    "Name": "pydantic",
    "URL": "https://github.com/pydantic/pydantic",
    "Version": "2.11.7"
  },
  {
    "Author": "Samuel Colvin <s@muelcolvin.com>, Adrian Garcia Badaracco <1755071+adriangb@users.noreply.github.com>, David Montague <david@pydantic.dev>, David Hewitt <mail@davidhewitt.dev>, Sydney Runkle <sydneymarierunkle@gmail.com>, Victorien Plot <contact@vctrn.dev>",
    "License": "MIT License",
    "Name": "pydantic_core",
    "URL": "https://github.com/pydantic/pydantic-core",
    "Version": "2.33.2"
  },
  {
    "Author": "CourtBouillon <contact@courtbouillon.org>",
    "License": "BSD License",
    "Name": "pydyf",
    "URL": "https://www.courtbouillon.org/pydyf",
    "Version": "0.11.0"
  },
  {
    "Author": "Josh Holbrook <josh.holbrook@gmail.com>",
    "License": "MIT License",
    "Name": "pyee",
    "URL": "https://github.com/jfhbrook/pyee",
    "Version": "13.0.0"
  },
  {
    "Author": "Hartmut Goebel, Giovanni Bajo, David Vierra, David Cortesi, Martin Zibricky",
    "License": "GNU General Public License v2 (GPLv2)",
    "Name": "pyinstaller",
    "URL": "https://www.pyinstaller.org/",
    "Version": "6.14.1"
  },
  {
    "Author": "UNKNOWN",
    "License": "Apache Software License; GNU General Public License v2 (GPLv2)",
    "Name": "pyinstaller-hooks-contrib",
    "URL": "https://github.com/pyinstaller/pyinstaller-hooks-contrib",
    "Version": "2025.5"
  },
  {
    "Author": "Paul McGuire <ptmcg.gm+pyparsing@gmail.com>",
    "License": "MIT License",
    "Name": "pyparsing",
    "URL": "https://github.com/pyparsing/pyparsing/",
    "Version": "3.2.3"
  },
  {
    "Author": "Mathieu Fenniak <biziqe@mathieu.fenniak.net>",
    "License": "BSD License",
    "Name": "pypdf",
    "URL": "https://github.com/py-pdf/pypdf",
    "Version": "5.6.0"
  },
  {
    "Author": "Al Sweigart",
    "License": "BSD License",
    "Name": "pyperclip",
    "URL": "https://github.com/asweigart/pyperclip",
    "Version": "1.9.0"
  },
  {
    "Author": "Guillaume Ayoub <contact@courtbouillon.org>",
    "License": "GNU General Public License v2 or later (GPLv2+); GNU Lesser General Public License v2 or later (LGPLv2+); Mozilla Public License 1.1 (MPL 1.1)",
    "Name": "pyphen",
    "URL": "https://www.courtbouillon.org/pyphen",
    "Version": "0.17.2"
  },
  {
    "Author": "Holger Krekel, Bruno Oliveira, Ronny Pfannschmidt, Floris Bruynooghe, Brianna Laugher, Florian Bruhin, Others (See AUTHORS)",
    "License": "MIT License",
    "Name": "pytest",
    "URL": "https://docs.pytest.org/en/latest/",
    "Version": "8.4.1"
  },
  {
    "Author": "Gustavo Niemeyer",
    "License": "Apache Software License; BSD License",
    "Name": "python-dateutil",
    "URL": "https://github.com/dateutil/dateutil",
    "Version": "2.9.0.post0"
  },
  {
    "Author": "\"The Contributors of the Python.NET Project\" <pythonnet@python.org>",
    "License": "MIT License",
    "Name": "pythonnet",
    "URL": "https://pythonnet.github.io/",
    "Version": "3.0.5"
  },
  {
    "Author": "Al Sweigart",
    "License": "MIT License",
    "Name": "pytweening",
    "URL": "https://github.com/asweigart/pytweening",
    "Version": "1.2.0"
  },
  {
    "Author": "Stuart Bishop",
    "License": "MIT License",
    "Name": "pytz",
    "URL": "http://pythonhosted.org/pytz",
    "Version": "2025.2"
  },
  {
    "Author": "Roman Sirokov <roman@flowrl.com>",
    "License": "BSD License",
    "Name": "pywebview",
    "URL": "https://pywebview.flowrl.com/",
    "Version": "5.4"
  },
  {
    "Author": "Mark Hammond (et al)",
    "License": "Python Software Foundation License",
    "Name": "pywin32",
    "URL": "https://github.com/mhammond/pywin32",
    "Version": "310"
  },
  {
    "Author": "Enthought Inc.",
    "License": "BSD-3-Clause",
    "Name": "pywin32-ctypes",
    "URL": "https://github.com/enthought/pywin32-ctypes",
    "Version": "0.2.3"
  },
  {
    "Author": "Julian Berman <Julian+referencing@GrayVines.com>",
    "License": "UNKNOWN",
    "Name": "referencing",
    "URL": "https://github.com/python-jsonschema/referencing",
    "Version": "0.36.2"
  },
  {
    "Author": "Kenneth Reitz",
    "License": "Apache Software License",
    "Name": "requests",
    "URL": "https://requests.readthedocs.io",
    "Version": "2.32.4"
  },
  {
    "Author": "Will McGugan",
    "License": "MIT License",
    "Name": "rich",
    "URL": "https://github.com/Textualize/rich",
    "Version": "13.5.3"
  },
  {
    "Author": "Will McGugan",
    "License": "MIT License",
    "Name": "rich",
    "URL": "https://github.com/Textualize/rich",
    "Version": "14.1.0"
  },
  {
    "Author": "Julian Berman <Julian+rpds@GrayVines.com>",
    "License": "UNKNOWN",
    "Name": "rpds-py",
    "URL": "https://github.com/crate-py/rpds",
    "Version": "0.27.1"
  },
  {
    "Author": "Sybren A. St\u00fcvel",
    "License": "Apache Software License",
    "Name": "rsa",
    "URL": "https://stuvel.eu/rsa",
    "Version": "4.9.1"
  },
  {
    "Author": "Anthon van der Neut",
    "License": "MIT License",
    "Name": "ruamel.yaml",
    "URL": "https://sourceforge.net/p/ruamel-yaml/code/ci/default/tree/",
    "Version": "0.18.15"
  },
  {
    "Author": "Anthon van der Neut",
    "License": "MIT License",
    "Name": "ruamel.yaml.clib",
    "URL": "https://sourceforge.net/p/ruamel-yaml-clib/code/ci/default/tree/",
    "Version": "0.2.12"
  },
  {
    "Author": "\"Astral Software Inc.\" <hey@astral.sh>",
    "License": "MIT License",
    "Name": "ruff",
    "URL": "https://docs.astral.sh/ruff",
    "Version": "0.12.10"
  },
  {
    "Author": "Tzu-ping Chung",
    "License": "ISC License (ISCL)",
    "Name": "shellingham",
    "URL": "https://github.com/sarugaku/shellingham",
    "Version": "1.5.4"
  },
  {
    "Author": "Benjamin Peterson",
    "License": "MIT License",
    "Name": "six",
    "URL": "https://github.com/benjaminp/six",
    "Version": "1.17.0"
  },
  {
    "Author": "\"Nathaniel J. Smith\" <njs@pobox.com>",
    "License": "Apache Software License; MIT License",
    "Name": "sniffio",
    "URL": "https://github.com/python-trio/sniffio",
    "Version": "1.3.1"
  },
  {
    "Author": "Grant Jenks",
    "License": "Apache Software License",
    "Name": "sortedcontainers",
    "URL": "http://www.grantjenks.com/docs/sortedcontainers/",
    "Version": "2.4.0"
  },
  {
    "Author": "Isaac Muse <Isaac.Muse@gmail.com>",
    "License": "MIT License",
    "Name": "soupsieve",
    "URL": "https://github.com/facelessuser/soupsieve",
    "Version": "2.7"
  },
  {
    "Author": "OpenStack",
    "License": "Apache Software License",
    "Name": "stevedore",
    "URL": "https://docs.openstack.org/stevedore/latest/",
    "Version": "5.5.0"
  },
  {
    "Author": "Simon Sapin <simon.sapin@exyr.org>",
    "License": "BSD License",
    "Name": "tinycss2",
    "URL": "https://www.courtbouillon.org/tinycss2",
    "Version": "1.4.0"
  },
  {
    "Author": "James Graham <james@hoppipolla.co.uk>",
    "License": "MIT License",
    "Name": "tinyhtml5",
    "URL": "https://github.com/CourtBouillon/tinyhtml5",
    "Version": "2.0.0"
  },
  {
    "Author": "Palash Bauri",
    "License": "MIT License",
    "Name": "tkhtmlview",
    "URL": "UNKNOWN",
    "Version": "0.3.1"
  },
  {
    "Author": "UNKNOWN",
    "License": "Freeware; MIT License",
    "Name": "tkinterweb",
    "URL": "https://github.com/Andereoo/TkinterWeb",
    "Version": "4.3.1"
  },
  {
    "Author": "UNKNOWN",
    "License": "Freeware; MIT License",
    "Name": "tkinterweb-tkhtml",
    "URL": "https://github.com/Andereoo/TkinterWeb-Tkhtml",
    "Version": "1.0"
  },
  {
    "Author": "William Pearson",
    "License": "MIT License",
    "Name": "toml",
    "URL": "https://github.com/uiri/toml",
    "Version": "0.10.2"
  },
  {
    "Author": "UNKNOWN",
    "License": "MIT License; Mozilla Public License 2.0 (MPL 2.0)",
    "Name": "tqdm",
    "URL": "https://tqdm.github.io",
    "Version": "4.67.1"
  },
  {
    "Author": "=?utf-8?q?Sebasti=C3=A1n_Ram=C3=ADrez?= <tiangolo@gmail.com>",
    "License": "MIT License",
    "Name": "typer",
    "URL": "https://github.com/fastapi/typer",
    "Version": "0.16.1"
  },
  {
    "Author": "Victorien Plot <contact@vctrn.dev>",
    "License": "UNKNOWN",
    "Name": "typing-inspection",
    "URL": "https://github.com/pydantic/typing-inspection",
    "Version": "0.4.1"
  },
  {
    "Author": "\"Guido van Rossum, Jukka Lehtosalo, \u0141ukasz Langa, Michael Lee\" <levkivskyi@gmail.com>",
    "License": "UNKNOWN",
    "Name": "typing_extensions",
    "URL": "https://github.com/python/typing_extensions",
    "Version": "4.14.0"
  },
  {
    "Author": "Python Software Foundation",
    "License": "Apache Software License",
    "Name": "tzdata",
    "URL": "https://github.com/python/tzdata",
    "Version": "2025.2"
  },
  {
    "Author": "Ian Stapleton Cordasco",
    "License": "BSD 3-Clause OR Apache-2.0",
    "Name": "uritemplate",
    "URL": "https://uritemplate.readthedocs.org",
    "Version": "4.2.0"
  },
  {
    "Author": "Andrey Petrov <andrey.petrov@shazow.net>",
    "License": "UNKNOWN",
    "Name": "urllib3",
    "URL": "https://github.com/urllib3/urllib3/blob/main/CHANGES.rst",
    "Version": "2.5.0"
  },
  {
    "Author": "Isaac Muse <Isaac.Muse@gmail.com>",
    "License": "MIT License",
    "Name": "wcmatch",
    "URL": "https://github.com/facelessuser/wcmatch",
    "Version": "8.5.2"
  },
  {
    "Author": "Simon Sapin <simon.sapin@exyr.org>",
    "License": "BSD License",
    "Name": "weasyprint",
    "URL": "https://weasyprint.org/",
    "Version": "66.0"
  },
  {
    "Author": "Geoffrey Sneddon",
    "License": "BSD License",
    "Name": "webencodings",
    "URL": "https://github.com/SimonSapin/python-webencodings",
    "Version": "0.5.1"
  },
  {
    "Author": "Graham Dumpleton",
    "License": "BSD License",
    "Name": "wrapt",
    "URL": "https://github.com/GrahamDumpleton/wrapt",
    "Version": "1.17.3"
  },
  {
    "Author": "Andrew Svetlov",
    "License": "Apache Software License",
    "Name": "yarl",
    "URL": "https://github.com/aio-libs/yarl",
    "Version": "1.20.1"
  },
  {
    "Author": "\"Jason R. Coombs\" <jaraco@jaraco.com>",
    "License": "UNKNOWN",
    "Name": "zipp",
    "URL": "https://github.com/jaraco/zipp",
    "Version": "3.23.0"
  },
  {
    "Author": "Adam DePrince",
    "License": "Apache Software License",
    "Name": "zopfli",
    "URL": "https://github.com/fonttools/py-zopfli",
    "Version": "0.2.3.post1"
  }
]
