﻿[
  {
    "cell": null,
    "code": "E402",
    "end_location": {
      "column": 10,
      "row": 25
    },
    "filename": "C:\\Users\\LogunJohnston\\OneDrive - Lake Almanor\\Documents\\MyPy\\GitHub\\lacc-dev\\Bulletin Builder\\process_events.py",
    "fix": null,
    "location": {
      "column": 1,
      "row": 25
    },
    "message": "Module level import not at top of file",
    "noqa_row": 25,
    "url": "https://docs.astral.sh/ruff/rules/module-import-not-at-top-of-file"
  },
  {
    "cell": null,
    "code": "E402",
    "end_location": {
      "column": 12,
      "row": 39
    },
    "filename": "C:\\Users\\LogunJohnston\\OneDrive - Lake Almanor\\Documents\\MyPy\\GitHub\\lacc-dev\\Bulletin Builder\\process_events.py",
    "fix": null,
    "location": {
      "column": 1,
      "row": 39
    },
    "message": "Module level import not at top of file",
    "noqa_row": 39,
    "url": "https://docs.astral.sh/ruff/rules/module-import-not-at-top-of-file"
  },
  {
    "cell": null,
    "code": "E402",
    "end_location": {
      "column": 30,
      "row": 40
    },
    "filename": "C:\\Users\\LogunJohnston\\OneDrive - Lake Almanor\\Documents\\MyPy\\GitHub\\lacc-dev\\Bulletin Builder\\process_events.py",
    "fix": null,
    "location": {
      "column": 1,
      "row": 40
    },
    "message": "Module level import not at top of file",
    "noqa_row": 40,
    "url": "https://docs.astral.sh/ruff/rules/module-import-not-at-top-of-file"
  },
  {
    "cell": null,
    "code": "E401",
    "end_location": {
      "column": 28,
      "row": 17
    },
    "filename": "C:\\Users\\LogunJohnston\\OneDrive - Lake Almanor\\Documents\\MyPy\\GitHub\\lacc-dev\\Bulletin Builder\\scripts\\bulletin_email_postprocess.py",
    "fix": {
      "applicability": "safe",
      "edits": [
        {
          "content": "import sys\r\nimport re\r\nimport os\r\nimport pathlib",
          "end_location": {
            "column": 28,
            "row": 17
          },
          "location": {
            "column": 1,
            "row": 17
          }
        }
      ],
      "message": "Split imports"
    },
    "location": {
      "column": 1,
      "row": 17
    },
    "message": "Multiple imports on one line",
    "noqa_row": 17,
    "url": "https://docs.astral.sh/ruff/rules/multiple-imports-on-one-line"
  },
  {
    "cell": null,
    "code": "F401",
    "end_location": {
      "column": 19,
      "row": 17
    },
    "filename": "C:\\Users\\LogunJohnston\\OneDrive - Lake Almanor\\Documents\\MyPy\\GitHub\\lacc-dev\\Bulletin Builder\\scripts\\bulletin_email_postprocess.py",
    "fix": {
      "applicability": "safe",
      "edits": [
        {
          "content": "import sys, re, pathlib",
          "end_location": {
            "column": 28,
            "row": 17
          },
          "location": {
            "column": 1,
            "row": 17
          }
        }
      ],
      "message": "Remove unused import: `os`"
    },
    "location": {
      "column": 17,
      "row": 17
    },
    "message": "`os` imported but unused",
    "noqa_row": 17,
    "url": "https://docs.astral.sh/ruff/rules/unused-import"
  },
  {
    "cell": null,
    "code": "F401",
    "end_location": {
      "column": 31,
      "row": 21
    },
    "filename": "C:\\Users\\LogunJohnston\\OneDrive - Lake Almanor\\Documents\\MyPy\\GitHub\\lacc-dev\\Bulletin Builder\\scripts\\bulletin_email_postprocess_UPDATED.py",
    "fix": {
      "applicability": "safe",
      "edits": [
        {
          "content": "from typing import Dict",
          "end_location": {
            "column": 31,
            "row": 21
          },
          "location": {
            "column": 1,
            "row": 21
          }
        }
      ],
      "message": "Remove unused import: `typing.Tuple`"
    },
    "location": {
      "column": 26,
      "row": 21
    },
    "message": "`typing.Tuple` imported but unused",
    "noqa_row": 21,
    "url": "https://docs.astral.sh/ruff/rules/unused-import"
  },
  {
    "cell": null,
    "code": "F841",
    "end_location": {
      "column": 24,
      "row": 25
    },
    "filename": "C:\\Users\\LogunJohnston\\OneDrive - Lake Almanor\\Documents\\MyPy\\GitHub\\lacc-dev\\Bulletin Builder\\scripts\\bulletin_email_postprocess_UPDATED.py",
    "fix": {
      "applicability": "safe",
      "edits": [
        {
          "content": "",
          "end_location": {
            "column": 24,
            "row": 25
          },
          "location": {
            "column": 17,
            "row": 25
          }
        }
      ],
      "message": "Remove assignment to unused variable `exc`"
    },
    "location": {
      "column": 21,
      "row": 25
    },
    "message": "Local variable `exc` is assigned to but never used",
    "noqa_row": 25,
    "url": "https://docs.astral.sh/ruff/rules/unused-variable"
  },
  {
    "cell": null,
    "code": "F401",
    "end_location": {
      "column": 11,
      "row": 2
    },
    "filename": "C:\\Users\\LogunJohnston\\OneDrive - Lake Almanor\\Documents\\MyPy\\GitHub\\lacc-dev\\Bulletin Builder\\scripts\\clean_pyc.py",
    "fix": {
      "applicability": "safe",
      "edits": [
        {
          "content": "",
          "end_location": {
            "column": 1,
            "row": 3
          },
          "location": {
            "column": 1,
            "row": 2
          }
        }
      ],
      "message": "Remove unused import: `sys`"
    },
    "location": {
      "column": 8,
      "row": 2
    },
    "message": "`sys` imported but unused",
    "noqa_row": 2,
    "url": "https://docs.astral.sh/ruff/rules/unused-import"
  },
  {
    "cell": null,
    "code": "E401",
    "end_location": {
      "column": 26,
      "row": 1
    },
    "filename": "C:\\Users\\LogunJohnston\\OneDrive - Lake Almanor\\Documents\\MyPy\\GitHub\\lacc-dev\\Bulletin Builder\\scripts\\debug_imports.py",
    "fix": {
      "applicability": "safe",
      "edits": [
        {
          "content": "import sys\r\nimport importlib\r\nimport os",
          "end_location": {
            "column": 26,
            "row": 1
          },
          "location": {
            "column": 1,
            "row": 1
          }
        }
      ],
      "message": "Split imports"
    },
    "location": {
      "column": 1,
      "row": 1
    },
    "message": "Multiple imports on one line",
    "noqa_row": 1,
    "url": "https://docs.astral.sh/ruff/rules/multiple-imports-on-one-line"
  },
  {
    "cell": null,
    "code": "E401",
    "end_location": {
      "column": 46,
      "row": 10
    },
    "filename": "C:\\Users\\LogunJohnston\\OneDrive - Lake Almanor\\Documents\\MyPy\\GitHub\\lacc-dev\\Bulletin Builder\\scripts\\localize_images.py",
    "fix": {
      "applicability": "safe",
      "edits": [
        {
          "content": "import argparse\r\nimport base64\r\nimport os\r\nimport re\r\nimport sys\r\nimport hashlib",
          "end_location": {
            "column": 46,
            "row": 10
          },
          "location": {
            "column": 1,
            "row": 10
          }
        }
      ],
      "message": "Split imports"
    },
    "location": {
      "column": 1,
      "row": 10
    },
    "message": "Multiple imports on one line",
    "noqa_row": 10,
    "url": "https://docs.astral.sh/ruff/rules/multiple-imports-on-one-line"
  },
  {
    "cell": null,
    "code": "F401",
    "end_location": {
      "column": 23,
      "row": 20
    },
    "filename": "C:\\Users\\LogunJohnston\\OneDrive - Lake Almanor\\Documents\\MyPy\\GitHub\\lacc-dev\\Bulletin Builder\\scripts\\localize_images.py",
    "fix": {
      "applicability": "safe",
      "edits": [
        {
          "content": "pass",
          "end_location": {
            "column": 23,
            "row": 20
          },
          "location": {
            "column": 5,
            "row": 20
          }
        }
      ],
      "message": "Remove unused import: `pillow_avif`"
    },
    "location": {
      "column": 12,
      "row": 20
    },
    "message": "`pillow_avif` imported but unused",
    "noqa_row": 20,
    "url": "https://docs.astral.sh/ruff/rules/unused-import"
  },
  {
    "cell": null,
    "code": "F841",
    "end_location": {
      "column": 17,
      "row": 126
    },
    "filename": "C:\\Users\\LogunJohnston\\OneDrive - Lake Almanor\\Documents\\MyPy\\GitHub\\lacc-dev\\Bulletin Builder\\scripts\\localize_images.py",
    "fix": {
      "applicability": "unsafe",
      "edits": [
        {
          "content": "",
          "end_location": {
            "column": 1,
            "row": 127
          },
          "location": {
            "column": 1,
            "row": 126
          }
        }
      ],
      "message": "Remove assignment to unused variable `original`"
    },
    "location": {
      "column": 9,
      "row": 126
    },
    "message": "Local variable `original` is assigned to but never used",
    "noqa_row": 126,
    "url": "https://docs.astral.sh/ruff/rules/unused-variable"
  },
  {
    "cell": null,
    "code": "E701",
    "end_location": {
      "column": 21,
      "row": 95
    },
    "filename": "C:\\Users\\LogunJohnston\\OneDrive - Lake Almanor\\Documents\\MyPy\\GitHub\\lacc-dev\\Bulletin Builder\\src\\bulletin_builder\\__main__.py",
    "fix": null,
    "location": {
      "column": 20,
      "row": 95
    },
    "message": "Multiple statements on one line (colon)",
    "noqa_row": 95,
    "url": "https://docs.astral.sh/ruff/rules/multiple-statements-on-one-line-colon"
  },
  {
    "cell": null,
    "code": "E701",
    "end_location": {
      "column": 21,
      "row": 119
    },
    "filename": "C:\\Users\\LogunJohnston\\OneDrive - Lake Almanor\\Documents\\MyPy\\GitHub\\lacc-dev\\Bulletin Builder\\src\\bulletin_builder\\__main__.py",
    "fix": null,
    "location": {
      "column": 20,
      "row": 119
    },
    "message": "Multiple statements on one line (colon)",
    "noqa_row": 119,
    "url": "https://docs.astral.sh/ruff/rules/multiple-statements-on-one-line-colon"
  },
  {
    "cell": null,
    "code": "F401",
    "end_location": {
      "column": 45,
      "row": 3
    },
    "filename": "C:\\Users\\LogunJohnston\\OneDrive - Lake Almanor\\Documents\\MyPy\\GitHub\\lacc-dev\\Bulletin Builder\\src\\bulletin_builder\\app_core\\component_library.py",
    "fix": {
      "applicability": "safe",
      "edits": [
        {
          "content": "from tkinter import simpledialog",
          "end_location": {
            "column": 45,
            "row": 3
          },
          "location": {
            "column": 1,
            "row": 3
          }
        }
      ],
      "message": "Remove unused import: `tkinter.messagebox`"
    },
    "location": {
      "column": 35,
      "row": 3
    },
    "message": "`tkinter.messagebox` imported but unused",
    "noqa_row": 3,
    "url": "https://docs.astral.sh/ruff/rules/unused-import"
  },
  {
    "cell": null,
    "code": "F841",
    "end_location": {
      "column": 30,
      "row": 23
    },
    "filename": "C:\\Users\\LogunJohnston\\OneDrive - Lake Almanor\\Documents\\MyPy\\GitHub\\lacc-dev\\Bulletin Builder\\src\\bulletin_builder\\app_core\\component_library.py",
    "fix": {
      "applicability": "safe",
      "edits": [
        {
          "content": "",
          "end_location": {
            "column": 30,
            "row": 23
          },
          "location": {
            "column": 25,
            "row": 23
          }
        }
      ],
      "message": "Remove assignment to unused variable `e`"
    },
    "location": {
      "column": 29,
      "row": 23
    },
    "message": "Local variable `e` is assigned to but never used",
    "noqa_row": 23,
    "url": "https://docs.astral.sh/ruff/rules/unused-variable"
  },
  {
    "cell": null,
    "code": "F401",
    "end_location": {
      "column": 40,
      "row": 4
    },
    "filename": "C:\\Users\\LogunJohnston\\OneDrive - Lake Almanor\\Documents\\MyPy\\GitHub\\lacc-dev\\Bulletin Builder\\src\\bulletin_builder\\app_core\\core_init.py",
    "fix": {
      "applicability": "safe",
      "edits": [
        {
          "content": "",
          "end_location": {
            "column": 1,
            "row": 5
          },
          "location": {
            "column": 1,
            "row": 4
          }
        }
      ],
      "message": "Remove unused import: `tkinter.messagebox`"
    },
    "location": {
      "column": 30,
      "row": 4
    },
    "message": "`tkinter.messagebox` imported but unused",
    "noqa_row": 4,
    "url": "https://docs.astral.sh/ruff/rules/unused-import"
  },
  {
    "cell": null,
    "code": "F401",
    "end_location": {
      "column": 36,
      "row": 8
    },
    "filename": "C:\\Users\\LogunJohnston\\OneDrive - Lake Almanor\\Documents\\MyPy\\GitHub\\lacc-dev\\Bulletin Builder\\src\\bulletin_builder\\app_core\\core_init.py",
    "fix": {
      "applicability": "safe",
      "edits": [
        {
          "content": "",
          "end_location": {
            "column": 1,
            "row": 9
          },
          "location": {
            "column": 1,
            "row": 8
          }
        }
      ],
      "message": "Remove unused import: `google.generativeai`"
    },
    "location": {
      "column": 31,
      "row": 8
    },
    "message": "`google.generativeai` imported but unused",
    "noqa_row": 8,
    "url": "https://docs.astral.sh/ruff/rules/unused-import"
  },
  {
    "cell": null,
    "code": "E741",
    "end_location": {
      "column": 43,
      "row": 100
    },
    "filename": "C:\\Users\\LogunJohnston\\OneDrive - Lake Almanor\\Documents\\MyPy\\GitHub\\lacc-dev\\Bulletin Builder\\src\\bulletin_builder\\app_core\\core_init.py",
    "fix": null,
    "location": {
      "column": 42,
      "row": 100
    },
    "message": "Ambiguous variable name: `l`",
    "noqa_row": 100,
    "url": "https://docs.astral.sh/ruff/rules/ambiguous-variable-name"
  },
  {
    "cell": null,
    "code": "E701",
    "end_location": {
      "column": 21,
      "row": 38
    },
    "filename": "C:\\Users\\LogunJohnston\\OneDrive - Lake Almanor\\Documents\\MyPy\\GitHub\\lacc-dev\\Bulletin Builder\\src\\bulletin_builder\\app_core\\drafts.py",
    "fix": null,
    "location": {
      "column": 20,
      "row": 38
    },
    "message": "Multiple statements on one line (colon)",
    "noqa_row": 38,
    "url": "https://docs.astral.sh/ruff/rules/multiple-statements-on-one-line-colon"
  },
  {
    "cell": null,
    "code": "F841",
    "end_location": {
      "column": 30,
      "row": 41
    },
    "filename": "C:\\Users\\LogunJohnston\\OneDrive - Lake Almanor\\Documents\\MyPy\\GitHub\\lacc-dev\\Bulletin Builder\\src\\bulletin_builder\\app_core\\drafts.py",
    "fix": {
      "applicability": "safe",
      "edits": [
        {
          "content": "",
          "end_location": {
            "column": 30,
            "row": 41
          },
          "location": {
            "column": 25,
            "row": 41
          }
        }
      ],
      "message": "Remove assignment to unused variable `e`"
    },
    "location": {
      "column": 29,
      "row": 41
    },
    "message": "Local variable `e` is assigned to but never used",
    "noqa_row": 41,
    "url": "https://docs.astral.sh/ruff/rules/unused-variable"
  },
  {
    "cell": null,
    "code": "E701",
    "end_location": {
      "column": 25,
      "row": 64
    },
    "filename": "C:\\Users\\LogunJohnston\\OneDrive - Lake Almanor\\Documents\\MyPy\\GitHub\\lacc-dev\\Bulletin Builder\\src\\bulletin_builder\\app_core\\drafts.py",
    "fix": null,
    "location": {
      "column": 24,
      "row": 64
    },
    "message": "Multiple statements on one line (colon)",
    "noqa_row": 64,
    "url": "https://docs.astral.sh/ruff/rules/multiple-statements-on-one-line-colon"
  },
  {
    "cell": null,
    "code": "F841",
    "end_location": {
      "column": 30,
      "row": 74
    },
    "filename": "C:\\Users\\LogunJohnston\\OneDrive - Lake Almanor\\Documents\\MyPy\\GitHub\\lacc-dev\\Bulletin Builder\\src\\bulletin_builder\\app_core\\drafts.py",
    "fix": {
      "applicability": "safe",
      "edits": [
        {
          "content": "",
          "end_location": {
            "column": 30,
            "row": 74
          },
          "location": {
            "column": 25,
            "row": 74
          }
        }
      ],
      "message": "Remove assignment to unused variable `e`"
    },
    "location": {
      "column": 29,
      "row": 74
    },
    "message": "Local variable `e` is assigned to but never used",
    "noqa_row": 74,
    "url": "https://docs.astral.sh/ruff/rules/unused-variable"
  },
  {
    "cell": null,
    "code": "F401",
    "end_location": {
      "column": 25,
      "row": 12
    },
    "filename": "C:\\Users\\LogunJohnston\\OneDrive - Lake Almanor\\Documents\\MyPy\\GitHub\\lacc-dev\\Bulletin Builder\\src\\bulletin_builder\\app_core\\exporter.py",
    "fix": {
      "applicability": "safe",
      "edits": [
        {
          "content": "",
          "end_location": {
            "column": 1,
            "row": 13
          },
          "location": {
            "column": 1,
            "row": 12
          }
        }
      ],
      "message": "Remove unused import: `pathlib.Path`"
    },
    "location": {
      "column": 21,
      "row": 12
    },
    "message": "`pathlib.Path` imported but unused",
    "noqa_row": 12,
    "url": "https://docs.astral.sh/ruff/rules/unused-import"
  },
  {
    "cell": null,
    "code": "F541",
    "end_location": {
      "column": 41,
      "row": 110
    },
    "filename": "C:\\Users\\LogunJohnston\\OneDrive - Lake Almanor\\Documents\\MyPy\\GitHub\\lacc-dev\\Bulletin Builder\\src\\bulletin_builder\\app_core\\exporter.py",
    "fix": {
      "applicability": "safe",
      "edits": [
        {
          "content": "'<li><a href=\"#'",
          "end_location": {
            "column": 41,
            "row": 110
          },
          "location": {
            "column": 24,
            "row": 110
          }
        }
      ],
      "message": "Remove extraneous `f` prefix"
    },
    "location": {
      "column": 24,
      "row": 110
    },
    "message": "f-string without any placeholders",
    "noqa_row": 110,
    "url": "https://docs.astral.sh/ruff/rules/f-string-missing-placeholders"
  },
  {
    "cell": null,
    "code": "F541",
    "end_location": {
      "column": 41,
      "row": 159
    },
    "filename": "C:\\Users\\LogunJohnston\\OneDrive - Lake Almanor\\Documents\\MyPy\\GitHub\\lacc-dev\\Bulletin Builder\\src\\bulletin_builder\\app_core\\exporter.py",
    "fix": {
      "applicability": "safe",
      "edits": [
        {
          "content": "'<li><a href=\"#'",
          "end_location": {
            "column": 41,
            "row": 159
          },
          "location": {
            "column": 24,
            "row": 159
          }
        }
      ],
      "message": "Remove extraneous `f` prefix"
    },
    "location": {
      "column": 24,
      "row": 159
    },
    "message": "f-string without any placeholders",
    "noqa_row": 159,
    "url": "https://docs.astral.sh/ruff/rules/f-string-missing-placeholders"
  },
  {
    "cell": null,
    "code": "E401",
    "end_location": {
      "column": 19,
      "row": 49
    },
    "filename": "C:\\Users\\LogunJohnston\\OneDrive - Lake Almanor\\Documents\\MyPy\\GitHub\\lacc-dev\\Bulletin Builder\\src\\bulletin_builder\\app_core\\importer.py",
    "fix": {
      "applicability": "safe",
      "edits": [
        {
          "content": "    import csv\r\n    import io",
          "end_location": {
            "column": 19,
            "row": 49
          },
          "location": {
            "column": 1,
            "row": 49
          }
        }
      ],
      "message": "Split imports"
    },
    "location": {
      "column": 5,
      "row": 49
    },
    "message": "Multiple imports on one line",
    "noqa_row": 49,
    "url": "https://docs.astral.sh/ruff/rules/multiple-imports-on-one-line"
  },
  {
    "cell": null,
    "code": "F811",
    "end_location": {
      "column": 15,
      "row": 49
    },
    "filename": "C:\\Users\\LogunJohnston\\OneDrive - Lake Almanor\\Documents\\MyPy\\GitHub\\lacc-dev\\Bulletin Builder\\src\\bulletin_builder\\app_core\\importer.py",
    "fix": {
      "applicability": "safe",
      "edits": [
        {
          "content": "",
          "end_location": {
            "column": 1,
            "row": 50
          },
          "location": {
            "column": 1,
            "row": 49
          }
        }
      ],
      "message": "Remove definition: `csv`"
    },
    "location": {
      "column": 12,
      "row": 49
    },
    "message": "Redefinition of unused `csv` from line 85",
    "noqa_row": 49,
    "url": "https://docs.astral.sh/ruff/rules/redefined-while-unused"
  },
  {
    "cell": null,
    "code": "F811",
    "end_location": {
      "column": 19,
      "row": 49
    },
    "filename": "C:\\Users\\LogunJohnston\\OneDrive - Lake Almanor\\Documents\\MyPy\\GitHub\\lacc-dev\\Bulletin Builder\\src\\bulletin_builder\\app_core\\importer.py",
    "fix": {
      "applicability": "safe",
      "edits": [
        {
          "content": "",
          "end_location": {
            "column": 1,
            "row": 50
          },
          "location": {
            "column": 1,
            "row": 49
          }
        }
      ],
      "message": "Remove definition: `io`"
    },
    "location": {
      "column": 17,
      "row": 49
    },
    "message": "Redefinition of unused `io` from line 86",
    "noqa_row": 49,
    "url": "https://docs.astral.sh/ruff/rules/redefined-while-unused"
  },
  {
    "cell": null,
    "code": "E402",
    "end_location": {
      "column": 11,
      "row": 85
    },
    "filename": "C:\\Users\\LogunJohnston\\OneDrive - Lake Almanor\\Documents\\MyPy\\GitHub\\lacc-dev\\Bulletin Builder\\src\\bulletin_builder\\app_core\\importer.py",
    "fix": null,
    "location": {
      "column": 1,
      "row": 85
    },
    "message": "Module level import not at top of file",
    "noqa_row": 85,
    "url": "https://docs.astral.sh/ruff/rules/module-import-not-at-top-of-file"
  },
  {
    "cell": null,
    "code": "F401",
    "end_location": {
      "column": 11,
      "row": 85
    },
    "filename": "C:\\Users\\LogunJohnston\\OneDrive - Lake Almanor\\Documents\\MyPy\\GitHub\\lacc-dev\\Bulletin Builder\\src\\bulletin_builder\\app_core\\importer.py",
    "fix": {
      "applicability": "safe",
      "edits": [
        {
          "content": "",
          "end_location": {
            "column": 1,
            "row": 86
          },
          "location": {
            "column": 1,
            "row": 85
          }
        }
      ],
      "message": "Remove unused import: `csv`"
    },
    "location": {
      "column": 8,
      "row": 85
    },
    "message": "`csv` imported but unused",
    "noqa_row": 85,
    "url": "https://docs.astral.sh/ruff/rules/unused-import"
  },
  {
    "cell": null,
    "code": "E402",
    "end_location": {
      "column": 10,
      "row": 86
    },
    "filename": "C:\\Users\\LogunJohnston\\OneDrive - Lake Almanor\\Documents\\MyPy\\GitHub\\lacc-dev\\Bulletin Builder\\src\\bulletin_builder\\app_core\\importer.py",
    "fix": null,
    "location": {
      "column": 1,
      "row": 86
    },
    "message": "Module level import not at top of file",
    "noqa_row": 86,
    "url": "https://docs.astral.sh/ruff/rules/module-import-not-at-top-of-file"
  },
  {
    "cell": null,
    "code": "F401",
    "end_location": {
      "column": 10,
      "row": 86
    },
    "filename": "C:\\Users\\LogunJohnston\\OneDrive - Lake Almanor\\Documents\\MyPy\\GitHub\\lacc-dev\\Bulletin Builder\\src\\bulletin_builder\\app_core\\importer.py",
    "fix": {
      "applicability": "safe",
      "edits": [
        {
          "content": "",
          "end_location": {
            "column": 1,
            "row": 87
          },
          "location": {
            "column": 1,
            "row": 86
          }
        }
      ],
      "message": "Remove unused import: `io`"
    },
    "location": {
      "column": 8,
      "row": 86
    },
    "message": "`io` imported but unused",
    "noqa_row": 86,
    "url": "https://docs.astral.sh/ruff/rules/unused-import"
  },
  {
    "cell": null,
    "code": "E402",
    "end_location": {
      "column": 22,
      "row": 87
    },
    "filename": "C:\\Users\\LogunJohnston\\OneDrive - Lake Almanor\\Documents\\MyPy\\GitHub\\lacc-dev\\Bulletin Builder\\src\\bulletin_builder\\app_core\\importer.py",
    "fix": null,
    "location": {
      "column": 1,
      "row": 87
    },
    "message": "Module level import not at top of file",
    "noqa_row": 87,
    "url": "https://docs.astral.sh/ruff/rules/module-import-not-at-top-of-file"
  },
  {
    "cell": null,
    "code": "E402",
    "end_location": {
      "column": 17,
      "row": 88
    },
    "filename": "C:\\Users\\LogunJohnston\\OneDrive - Lake Almanor\\Documents\\MyPy\\GitHub\\lacc-dev\\Bulletin Builder\\src\\bulletin_builder\\app_core\\importer.py",
    "fix": null,
    "location": {
      "column": 1,
      "row": 88
    },
    "message": "Module level import not at top of file",
    "noqa_row": 88,
    "url": "https://docs.astral.sh/ruff/rules/module-import-not-at-top-of-file"
  },
  {
    "cell": null,
    "code": "E402",
    "end_location": {
      "column": 25,
      "row": 89
    },
    "filename": "C:\\Users\\LogunJohnston\\OneDrive - Lake Almanor\\Documents\\MyPy\\GitHub\\lacc-dev\\Bulletin Builder\\src\\bulletin_builder\\app_core\\importer.py",
    "fix": null,
    "location": {
      "column": 1,
      "row": 89
    },
    "message": "Module level import not at top of file",
    "noqa_row": 89,
    "url": "https://docs.astral.sh/ruff/rules/module-import-not-at-top-of-file"
  },
  {
    "cell": null,
    "code": "F401",
    "end_location": {
      "column": 25,
      "row": 89
    },
    "filename": "C:\\Users\\LogunJohnston\\OneDrive - Lake Almanor\\Documents\\MyPy\\GitHub\\lacc-dev\\Bulletin Builder\\src\\bulletin_builder\\app_core\\importer.py",
    "fix": {
      "applicability": "safe",
      "edits": [
        {
          "content": "",
          "end_location": {
            "column": 1,
            "row": 90
          },
          "location": {
            "column": 1,
            "row": 89
          }
        }
      ],
      "message": "Remove unused import: `pathlib.Path`"
    },
    "location": {
      "column": 21,
      "row": 89
    },
    "message": "`pathlib.Path` imported but unused",
    "noqa_row": 89,
    "url": "https://docs.astral.sh/ruff/rules/unused-import"
  },
  {
    "cell": null,
    "code": "E402",
    "end_location": {
      "column": 57,
      "row": 90
    },
    "filename": "C:\\Users\\LogunJohnston\\OneDrive - Lake Almanor\\Documents\\MyPy\\GitHub\\lacc-dev\\Bulletin Builder\\src\\bulletin_builder\\app_core\\importer.py",
    "fix": null,
    "location": {
      "column": 1,
      "row": 90
    },
    "message": "Module level import not at top of file",
    "noqa_row": 90,
    "url": "https://docs.astral.sh/ruff/rules/module-import-not-at-top-of-file"
  },
  {
    "cell": null,
    "code": "E402",
    "end_location": {
      "column": 2,
      "row": 98
    },
    "filename": "C:\\Users\\LogunJohnston\\OneDrive - Lake Almanor\\Documents\\MyPy\\GitHub\\lacc-dev\\Bulletin Builder\\src\\bulletin_builder\\app_core\\importer.py",
    "fix": null,
    "location": {
      "column": 1,
      "row": 92
    },
    "message": "Module level import not at top of file",
    "noqa_row": 92,
    "url": "https://docs.astral.sh/ruff/rules/module-import-not-at-top-of-file"
  },
  {
    "cell": null,
    "code": "F401",
    "end_location": {
      "column": 31,
      "row": 6
    },
    "filename": "C:\\Users\\LogunJohnston\\OneDrive - Lake Almanor\\Documents\\MyPy\\GitHub\\lacc-dev\\Bulletin Builder\\src\\bulletin_builder\\app_core\\preview.py",
    "fix": {
      "applicability": "safe",
      "edits": [
        {
          "content": "",
          "end_location": {
            "column": 1,
            "row": 7
          },
          "location": {
            "column": 1,
            "row": 6
          }
        }
      ],
      "message": "Remove unused import: `tkinter.messagebox`"
    },
    "location": {
      "column": 21,
      "row": 6
    },
    "message": "`tkinter.messagebox` imported but unused",
    "noqa_row": 6,
    "url": "https://docs.astral.sh/ruff/rules/unused-import"
  },
  {
    "cell": null,
    "code": "F401",
    "end_location": {
      "column": 62,
      "row": 8
    },
    "filename": "C:\\Users\\LogunJohnston\\OneDrive - Lake Almanor\\Documents\\MyPy\\GitHub\\lacc-dev\\Bulletin Builder\\src\\bulletin_builder\\app_core\\preview.py",
    "fix": {
      "applicability": "safe",
      "edits": [
        {
          "content": "",
          "end_location": {
            "column": 1,
            "row": 9
          },
          "location": {
            "column": 1,
            "row": 8
          }
        }
      ],
      "message": "Remove unused import: `bulletin_builder.postprocess.ensure_postprocessed`"
    },
    "location": {
      "column": 42,
      "row": 8
    },
    "message": "`bulletin_builder.postprocess.ensure_postprocessed` imported but unused",
    "noqa_row": 8,
    "url": "https://docs.astral.sh/ruff/rules/unused-import"
  },
  {
    "cell": null,
    "code": "E731",
    "end_location": {
      "column": 45,
      "row": 8
    },
    "filename": "C:\\Users\\LogunJohnston\\OneDrive - Lake Almanor\\Documents\\MyPy\\GitHub\\lacc-dev\\Bulletin Builder\\src\\bulletin_builder\\app_core\\sanitize.py",
    "fix": {
      "applicability": "unsafe",
      "edits": [
        {
          "content": "def _LOWER(s):\r\n    return (s or \"\").strip().lower()",
          "end_location": {
            "column": 45,
            "row": 8
          },
          "location": {
            "column": 1,
            "row": 8
          }
        }
      ],
      "message": "Rewrite `_LOWER` as a `def`"
    },
    "location": {
      "column": 1,
      "row": 8
    },
    "message": "Do not assign a `lambda` expression, use a `def`",
    "noqa_row": 8,
    "url": "https://docs.astral.sh/ruff/rules/lambda-assignment"
  },
  {
    "cell": null,
    "code": "F841",
    "end_location": {
      "column": 8,
      "row": 116
    },
    "filename": "C:\\Users\\LogunJohnston\\OneDrive - Lake Almanor\\Documents\\MyPy\\GitHub\\lacc-dev\\Bulletin Builder\\src\\bulletin_builder\\app_core\\sections.py",
    "fix": {
      "applicability": "unsafe",
      "edits": [
        {
          "content": "",
          "end_location": {
            "column": 11,
            "row": 116
          },
          "location": {
            "column": 5,
            "row": 116
          }
        }
      ],
      "message": "Remove assignment to unused variable `sel`"
    },
    "location": {
      "column": 5,
      "row": 116
    },
    "message": "Local variable `sel` is assigned to but never used",
    "noqa_row": 116,
    "url": "https://docs.astral.sh/ruff/rules/unused-variable"
  },
  {
    "cell": null,
    "code": "F401",
    "end_location": {
      "column": 25,
      "row": 4
    },
    "filename": "C:\\Users\\LogunJohnston\\OneDrive - Lake Almanor\\Documents\\MyPy\\GitHub\\lacc-dev\\Bulletin Builder\\src\\bulletin_builder\\app_core\\ui_setup.py",
    "fix": {
      "applicability": "safe",
      "edits": [
        {
          "content": "",
          "end_location": {
            "column": 1,
            "row": 5
          },
          "location": {
            "column": 1,
            "row": 4
          }
        }
      ],
      "message": "Remove unused import: `pathlib.Path`"
    },
    "location": {
      "column": 21,
      "row": 4
    },
    "message": "`pathlib.Path` imported but unused",
    "noqa_row": 4,
    "url": "https://docs.astral.sh/ruff/rules/unused-import"
  },
  {
    "cell": null,
    "code": "E701",
    "end_location": {
      "column": 21,
      "row": 28
    },
    "filename": "C:\\Users\\LogunJohnston\\OneDrive - Lake Almanor\\Documents\\MyPy\\GitHub\\lacc-dev\\Bulletin Builder\\src\\bulletin_builder\\app_core\\ui_setup.py",
    "fix": null,
    "location": {
      "column": 20,
      "row": 28
    },
    "message": "Multiple statements on one line (colon)",
    "noqa_row": 28,
    "url": "https://docs.astral.sh/ruff/rules/multiple-statements-on-one-line-colon"
  },
  {
    "cell": null,
    "code": "E701",
    "end_location": {
      "column": 25,
      "row": 30
    },
    "filename": "C:\\Users\\LogunJohnston\\OneDrive - Lake Almanor\\Documents\\MyPy\\GitHub\\lacc-dev\\Bulletin Builder\\src\\bulletin_builder\\app_core\\ui_setup.py",
    "fix": null,
    "location": {
      "column": 24,
      "row": 30
    },
    "message": "Multiple statements on one line (colon)",
    "noqa_row": 30,
    "url": "https://docs.astral.sh/ruff/rules/multiple-statements-on-one-line-colon"
  },
  {
    "cell": null,
    "code": "E701",
    "end_location": {
      "column": 38,
      "row": 31
    },
    "filename": "C:\\Users\\LogunJohnston\\OneDrive - Lake Almanor\\Documents\\MyPy\\GitHub\\lacc-dev\\Bulletin Builder\\src\\bulletin_builder\\app_core\\ui_setup.py",
    "fix": null,
    "location": {
      "column": 37,
      "row": 31
    },
    "message": "Multiple statements on one line (colon)",
    "noqa_row": 31,
    "url": "https://docs.astral.sh/ruff/rules/multiple-statements-on-one-line-colon"
  },
  {
    "cell": null,
    "code": "F821",
    "end_location": {
      "column": 44,
      "row": 47
    },
    "filename": "C:\\Users\\LogunJohnston\\OneDrive - Lake Almanor\\Documents\\MyPy\\GitHub\\lacc-dev\\Bulletin Builder\\src\\bulletin_builder\\app_core\\ui_setup.py",
    "fix": null,
    "location": {
      "column": 32,
      "row": 47
    },
    "message": "Undefined name `_build_menus`",
    "noqa_row": 47,
    "url": "https://docs.astral.sh/ruff/rules/undefined-name"
  },
  {
    "cell": null,
    "code": "E731",
    "end_location": {
      "column": 34,
      "row": 174
    },
    "filename": "C:\\Users\\LogunJohnston\\OneDrive - Lake Almanor\\Documents\\MyPy\\GitHub\\lacc-dev\\Bulletin Builder\\src\\bulletin_builder\\app_core\\ui_setup.py",
    "fix": {
      "applicability": "unsafe",
      "edits": [
        {
          "content": "def refresh_cb():\r\n            return None",
          "end_location": {
            "column": 34,
            "row": 174
          },
          "location": {
            "column": 9,
            "row": 174
          }
        }
      ],
      "message": "Rewrite `refresh_cb` as a `def`"
    },
    "location": {
      "column": 9,
      "row": 174
    },
    "message": "Do not assign a `lambda` expression, use a `def`",
    "noqa_row": 174,
    "url": "https://docs.astral.sh/ruff/rules/lambda-assignment"
  },
  {
    "cell": null,
    "code": "E701",
    "end_location": {
      "column": 23,
      "row": 216
    },
    "filename": "C:\\Users\\LogunJohnston\\OneDrive - Lake Almanor\\Documents\\MyPy\\GitHub\\lacc-dev\\Bulletin Builder\\src\\bulletin_builder\\app_core\\ui_setup.py",
    "fix": null,
    "location": {
      "column": 22,
      "row": 216
    },
    "message": "Multiple statements on one line (colon)",
    "noqa_row": 216,
    "url": "https://docs.astral.sh/ruff/rules/multiple-statements-on-one-line-colon"
  },
  {
    "cell": null,
    "code": "E701",
    "end_location": {
      "column": 21,
      "row": 256
    },
    "filename": "C:\\Users\\LogunJohnston\\OneDrive - Lake Almanor\\Documents\\MyPy\\GitHub\\lacc-dev\\Bulletin Builder\\src\\bulletin_builder\\app_core\\ui_setup.py",
    "fix": null,
    "location": {
      "column": 20,
      "row": 256
    },
    "message": "Multiple statements on one line (colon)",
    "noqa_row": 256,
    "url": "https://docs.astral.sh/ruff/rules/multiple-statements-on-one-line-colon"
  },
  {
    "cell": null,
    "code": "E701",
    "end_location": {
      "column": 25,
      "row": 258
    },
    "filename": "C:\\Users\\LogunJohnston\\OneDrive - Lake Almanor\\Documents\\MyPy\\GitHub\\lacc-dev\\Bulletin Builder\\src\\bulletin_builder\\app_core\\ui_setup.py",
    "fix": null,
    "location": {
      "column": 24,
      "row": 258
    },
    "message": "Multiple statements on one line (colon)",
    "noqa_row": 258,
    "url": "https://docs.astral.sh/ruff/rules/multiple-statements-on-one-line-colon"
  },
  {
    "cell": null,
    "code": "E701",
    "end_location": {
      "column": 38,
      "row": 259
    },
    "filename": "C:\\Users\\LogunJohnston\\OneDrive - Lake Almanor\\Documents\\MyPy\\GitHub\\lacc-dev\\Bulletin Builder\\src\\bulletin_builder\\app_core\\ui_setup.py",
    "fix": null,
    "location": {
      "column": 37,
      "row": 259
    },
    "message": "Multiple statements on one line (colon)",
    "noqa_row": 259,
    "url": "https://docs.astral.sh/ruff/rules/multiple-statements-on-one-line-colon"
  },
  {
    "cell": null,
    "code": "E701",
    "end_location": {
      "column": 21,
      "row": 266
    },
    "filename": "C:\\Users\\LogunJohnston\\OneDrive - Lake Almanor\\Documents\\MyPy\\GitHub\\lacc-dev\\Bulletin Builder\\src\\bulletin_builder\\app_core\\ui_setup.py",
    "fix": null,
    "location": {
      "column": 20,
      "row": 266
    },
    "message": "Multiple statements on one line (colon)",
    "noqa_row": 266,
    "url": "https://docs.astral.sh/ruff/rules/multiple-statements-on-one-line-colon"
  },
  {
    "cell": null,
    "code": "E701",
    "end_location": {
      "column": 25,
      "row": 268
    },
    "filename": "C:\\Users\\LogunJohnston\\OneDrive - Lake Almanor\\Documents\\MyPy\\GitHub\\lacc-dev\\Bulletin Builder\\src\\bulletin_builder\\app_core\\ui_setup.py",
    "fix": null,
    "location": {
      "column": 24,
      "row": 268
    },
    "message": "Multiple statements on one line (colon)",
    "noqa_row": 268,
    "url": "https://docs.astral.sh/ruff/rules/multiple-statements-on-one-line-colon"
  },
  {
    "cell": null,
    "code": "E701",
    "end_location": {
      "column": 38,
      "row": 269
    },
    "filename": "C:\\Users\\LogunJohnston\\OneDrive - Lake Almanor\\Documents\\MyPy\\GitHub\\lacc-dev\\Bulletin Builder\\src\\bulletin_builder\\app_core\\ui_setup.py",
    "fix": null,
    "location": {
      "column": 37,
      "row": 269
    },
    "message": "Multiple statements on one line (colon)",
    "noqa_row": 269,
    "url": "https://docs.astral.sh/ruff/rules/multiple-statements-on-one-line-colon"
  },
  {
    "cell": null,
    "code": "F401",
    "end_location": {
      "column": 10,
      "row": 8
    },
    "filename": "C:\\Users\\LogunJohnston\\OneDrive - Lake Almanor\\Documents\\MyPy\\GitHub\\lacc-dev\\Bulletin Builder\\src\\bulletin_builder\\bulletin_renderer.py",
    "fix": {
      "applicability": "safe",
      "edits": [
        {
          "content": "",
          "end_location": {
            "column": 1,
            "row": 9
          },
          "location": {
            "column": 1,
            "row": 8
          }
        }
      ],
      "message": "Remove unused import: `os`"
    },
    "location": {
      "column": 8,
      "row": 8
    },
    "message": "`os` imported but unused",
    "noqa_row": 8,
    "url": "https://docs.astral.sh/ruff/rules/unused-import"
  },
  {
    "cell": null,
    "code": "F401",
    "end_location": {
      "column": 10,
      "row": 6
    },
    "filename": "C:\\Users\\LogunJohnston\\OneDrive - Lake Almanor\\Documents\\MyPy\\GitHub\\lacc-dev\\Bulletin Builder\\src\\bulletin_builder\\cli.py",
    "fix": {
      "applicability": "safe",
      "edits": [
        {
          "content": "",
          "end_location": {
            "column": 1,
            "row": 7
          },
          "location": {
            "column": 1,
            "row": 6
          }
        }
      ],
      "message": "Remove unused import: `os`"
    },
    "location": {
      "column": 8,
      "row": 6
    },
    "message": "`os` imported but unused",
    "noqa_row": 6,
    "url": "https://docs.astral.sh/ruff/rules/unused-import"
  },
  {
    "cell": null,
    "code": "F401",
    "end_location": {
      "column": 11,
      "row": 1
    },
    "filename": "C:\\Users\\LogunJohnston\\OneDrive - Lake Almanor\\Documents\\MyPy\\GitHub\\lacc-dev\\Bulletin Builder\\src\\bulletin_builder\\event_feed.py",
    "fix": {
      "applicability": "safe",
      "edits": [
        {
          "content": "",
          "end_location": {
            "column": 1,
            "row": 2
          },
          "location": {
            "column": 1,
            "row": 1
          }
        }
      ],
      "message": "Remove unused import: `csv`"
    },
    "location": {
      "column": 8,
      "row": 1
    },
    "message": "`csv` imported but unused",
    "noqa_row": 1,
    "url": "https://docs.astral.sh/ruff/rules/unused-import"
  },
  {
    "cell": null,
    "code": "F401",
    "end_location": {
      "column": 10,
      "row": 2
    },
    "filename": "C:\\Users\\LogunJohnston\\OneDrive - Lake Almanor\\Documents\\MyPy\\GitHub\\lacc-dev\\Bulletin Builder\\src\\bulletin_builder\\event_feed.py",
    "fix": {
      "applicability": "safe",
      "edits": [
        {
          "content": "",
          "end_location": {
            "column": 1,
            "row": 3
          },
          "location": {
            "column": 1,
            "row": 2
          }
        }
      ],
      "message": "Remove unused import: `io`"
    },
    "location": {
      "column": 8,
      "row": 2
    },
    "message": "`io` imported but unused",
    "noqa_row": 2,
    "url": "https://docs.astral.sh/ruff/rules/unused-import"
  },
  {
    "cell": null,
    "code": "F401",
    "end_location": {
      "column": 10,
      "row": 5
    },
    "filename": "C:\\Users\\LogunJohnston\\OneDrive - Lake Almanor\\Documents\\MyPy\\GitHub\\lacc-dev\\Bulletin Builder\\src\\bulletin_builder\\event_feed.py",
    "fix": {
      "applicability": "safe",
      "edits": [
        {
          "content": "",
          "end_location": {
            "column": 1,
            "row": 6
          },
          "location": {
            "column": 1,
            "row": 5
          }
        }
      ],
      "message": "Remove unused import: `os`"
    },
    "location": {
      "column": 8,
      "row": 5
    },
    "message": "`os` imported but unused",
    "noqa_row": 5,
    "url": "https://docs.astral.sh/ruff/rules/unused-import"
  },
  {
    "cell": null,
    "code": "F401",
    "end_location": {
      "column": 16,
      "row": 6
    },
    "filename": "C:\\Users\\LogunJohnston\\OneDrive - Lake Almanor\\Documents\\MyPy\\GitHub\\lacc-dev\\Bulletin Builder\\src\\bulletin_builder\\event_feed.py",
    "fix": {
      "applicability": "safe",
      "edits": [
        {
          "content": "",
          "end_location": {
            "column": 1,
            "row": 7
          },
          "location": {
            "column": 1,
            "row": 6
          }
        }
      ],
      "message": "Remove unused import: `tempfile`"
    },
    "location": {
      "column": 8,
      "row": 6
    },
    "message": "`tempfile` imported but unused",
    "noqa_row": 6,
    "url": "https://docs.astral.sh/ruff/rules/unused-import"
  },
  {
    "cell": null,
    "code": "F401",
    "end_location": {
      "column": 40,
      "row": 12
    },
    "filename": "C:\\Users\\LogunJohnston\\OneDrive - Lake Almanor\\Documents\\MyPy\\GitHub\\lacc-dev\\Bulletin Builder\\src\\bulletin_builder\\event_feed.py",
    "fix": {
      "applicability": "safe",
      "edits": [
        {
          "content": "",
          "end_location": {
            "column": 1,
            "row": 13
          },
          "location": {
            "column": 1,
            "row": 12
          }
        }
      ],
      "message": "Remove unused import: `.image_utils.optimize_image`"
    },
    "location": {
      "column": 26,
      "row": 12
    },
    "message": "`.image_utils.optimize_image` imported but unused",
    "noqa_row": 12,
    "url": "https://docs.astral.sh/ruff/rules/unused-import"
  },
  {
    "cell": null,
    "code": "F821",
    "end_location": {
      "column": 31,
      "row": 38
    },
    "filename": "C:\\Users\\LogunJohnston\\OneDrive - Lake Almanor\\Documents\\MyPy\\GitHub\\lacc-dev\\Bulletin Builder\\src\\bulletin_builder\\event_feed.py",
    "fix": null,
    "location": {
      "column": 16,
      "row": 38
    },
    "message": "Undefined name `_fetch_from_csv`",
    "noqa_row": 38,
    "url": "https://docs.astral.sh/ruff/rules/undefined-name"
  },
  {
    "cell": null,
    "code": "F401",
    "end_location": {
      "column": 46,
      "row": 1
    },
    "filename": "C:\\Users\\LogunJohnston\\OneDrive - Lake Almanor\\Documents\\MyPy\\GitHub\\lacc-dev\\Bulletin Builder\\src\\bulletin_builder\\ui\\__init__.py",
    "fix": null,
    "location": {
      "column": 28,
      "row": 1
    },
    "message": "`.announcements.AnnouncementsFrame` imported but unused; consider removing, adding to `__all__`, or using a redundant alias",
    "noqa_row": 1,
    "url": "https://docs.astral.sh/ruff/rules/unused-import"
  },
  {
    "cell": null,
    "code": "F401",
    "end_location": {
      "column": 28,
      "row": 5
    },
    "filename": "C:\\Users\\LogunJohnston\\OneDrive - Lake Almanor\\Documents\\MyPy\\GitHub\\lacc-dev\\Bulletin Builder\\src\\bulletin_builder\\ui\\announcements.py",
    "fix": {
      "applicability": "safe",
      "edits": [
        {
          "content": "from typing import Dict, List, Any",
          "end_location": {
            "column": 55,
            "row": 5
          },
          "location": {
            "column": 1,
            "row": 5
          }
        }
      ],
      "message": "Remove unused import"
    },
    "location": {
      "column": 20,
      "row": 5
    },
    "message": "`typing.Callable` imported but unused",
    "noqa_row": 5,
    "url": "https://docs.astral.sh/ruff/rules/unused-import"
  },
  {
    "cell": null,
    "code": "F401",
    "end_location": {
      "column": 50,
      "row": 5
    },
    "filename": "C:\\Users\\LogunJohnston\\OneDrive - Lake Almanor\\Documents\\MyPy\\GitHub\\lacc-dev\\Bulletin Builder\\src\\bulletin_builder\\ui\\announcements.py",
    "fix": {
      "applicability": "safe",
      "edits": [
        {
          "content": "from typing import Dict, List, Any",
          "end_location": {
            "column": 55,
            "row": 5
          },
          "location": {
            "column": 1,
            "row": 5
          }
        }
      ],
      "message": "Remove unused import"
    },
    "location": {
      "column": 42,
      "row": 5
    },
    "message": "`typing.Optional` imported but unused",
    "noqa_row": 5,
    "url": "https://docs.astral.sh/ruff/rules/unused-import"
  },
  {
    "cell": null,
    "code": "E701",
    "end_location": {
      "column": 20,
      "row": 250
    },
    "filename": "C:\\Users\\LogunJohnston\\OneDrive - Lake Almanor\\Documents\\MyPy\\GitHub\\lacc-dev\\Bulletin Builder\\src\\bulletin_builder\\ui\\announcements.py",
    "fix": null,
    "location": {
      "column": 19,
      "row": 250
    },
    "message": "Multiple statements on one line (colon)",
    "noqa_row": 250,
    "url": "https://docs.astral.sh/ruff/rules/multiple-statements-on-one-line-colon"
  },
  {
    "cell": null,
    "code": "E701",
    "end_location": {
      "column": 38,
      "row": 264
    },
    "filename": "C:\\Users\\LogunJohnston\\OneDrive - Lake Almanor\\Documents\\MyPy\\GitHub\\lacc-dev\\Bulletin Builder\\src\\bulletin_builder\\ui\\announcements.py",
    "fix": null,
    "location": {
      "column": 37,
      "row": 264
    },
    "message": "Multiple statements on one line (colon)",
    "noqa_row": 264,
    "url": "https://docs.astral.sh/ruff/rules/multiple-statements-on-one-line-colon"
  },
  {
    "cell": null,
    "code": "E701",
    "end_location": {
      "column": 50,
      "row": 274
    },
    "filename": "C:\\Users\\LogunJohnston\\OneDrive - Lake Almanor\\Documents\\MyPy\\GitHub\\lacc-dev\\Bulletin Builder\\src\\bulletin_builder\\ui\\announcements.py",
    "fix": null,
    "location": {
      "column": 49,
      "row": 274
    },
    "message": "Multiple statements on one line (colon)",
    "noqa_row": 274,
    "url": "https://docs.astral.sh/ruff/rules/multiple-statements-on-one-line-colon"
  },
  {
    "cell": null,
    "code": "E702",
    "end_location": {
      "column": 44,
      "row": 282
    },
    "filename": "C:\\Users\\LogunJohnston\\OneDrive - Lake Almanor\\Documents\\MyPy\\GitHub\\lacc-dev\\Bulletin Builder\\src\\bulletin_builder\\ui\\announcements.py",
    "fix": null,
    "location": {
      "column": 43,
      "row": 282
    },
    "message": "Multiple statements on one line (semicolon)",
    "noqa_row": 282,
    "url": "https://docs.astral.sh/ruff/rules/multiple-statements-on-one-line-semicolon"
  },
  {
    "cell": null,
    "code": "E702",
    "end_location": {
      "column": 48,
      "row": 283
    },
    "filename": "C:\\Users\\LogunJohnston\\OneDrive - Lake Almanor\\Documents\\MyPy\\GitHub\\lacc-dev\\Bulletin Builder\\src\\bulletin_builder\\ui\\announcements.py",
    "fix": null,
    "location": {
      "column": 47,
      "row": 283
    },
    "message": "Multiple statements on one line (semicolon)",
    "noqa_row": 283,
    "url": "https://docs.astral.sh/ruff/rules/multiple-statements-on-one-line-semicolon"
  },
  {
    "cell": null,
    "code": "E702",
    "end_location": {
      "column": 43,
      "row": 284
    },
    "filename": "C:\\Users\\LogunJohnston\\OneDrive - Lake Almanor\\Documents\\MyPy\\GitHub\\lacc-dev\\Bulletin Builder\\src\\bulletin_builder\\ui\\announcements.py",
    "fix": null,
    "location": {
      "column": 42,
      "row": 284
    },
    "message": "Multiple statements on one line (semicolon)",
    "noqa_row": 284,
    "url": "https://docs.astral.sh/ruff/rules/multiple-statements-on-one-line-semicolon"
  },
  {
    "cell": null,
    "code": "E702",
    "end_location": {
      "column": 46,
      "row": 285
    },
    "filename": "C:\\Users\\LogunJohnston\\OneDrive - Lake Almanor\\Documents\\MyPy\\GitHub\\lacc-dev\\Bulletin Builder\\src\\bulletin_builder\\ui\\announcements.py",
    "fix": null,
    "location": {
      "column": 45,
      "row": 285
    },
    "message": "Multiple statements on one line (semicolon)",
    "noqa_row": 285,
    "url": "https://docs.astral.sh/ruff/rules/multiple-statements-on-one-line-semicolon"
  },
  {
    "cell": null,
    "code": "E702",
    "end_location": {
      "column": 43,
      "row": 290
    },
    "filename": "C:\\Users\\LogunJohnston\\OneDrive - Lake Almanor\\Documents\\MyPy\\GitHub\\lacc-dev\\Bulletin Builder\\src\\bulletin_builder\\ui\\announcements.py",
    "fix": null,
    "location": {
      "column": 42,
      "row": 290
    },
    "message": "Multiple statements on one line (semicolon)",
    "noqa_row": 290,
    "url": "https://docs.astral.sh/ruff/rules/multiple-statements-on-one-line-semicolon"
  },
  {
    "cell": null,
    "code": "E702",
    "end_location": {
      "column": 47,
      "row": 291
    },
    "filename": "C:\\Users\\LogunJohnston\\OneDrive - Lake Almanor\\Documents\\MyPy\\GitHub\\lacc-dev\\Bulletin Builder\\src\\bulletin_builder\\ui\\announcements.py",
    "fix": null,
    "location": {
      "column": 46,
      "row": 291
    },
    "message": "Multiple statements on one line (semicolon)",
    "noqa_row": 291,
    "url": "https://docs.astral.sh/ruff/rules/multiple-statements-on-one-line-semicolon"
  },
  {
    "cell": null,
    "code": "E702",
    "end_location": {
      "column": 42,
      "row": 292
    },
    "filename": "C:\\Users\\LogunJohnston\\OneDrive - Lake Almanor\\Documents\\MyPy\\GitHub\\lacc-dev\\Bulletin Builder\\src\\bulletin_builder\\ui\\announcements.py",
    "fix": null,
    "location": {
      "column": 41,
      "row": 292
    },
    "message": "Multiple statements on one line (semicolon)",
    "noqa_row": 292,
    "url": "https://docs.astral.sh/ruff/rules/multiple-statements-on-one-line-semicolon"
  },
  {
    "cell": null,
    "code": "E702",
    "end_location": {
      "column": 45,
      "row": 293
    },
    "filename": "C:\\Users\\LogunJohnston\\OneDrive - Lake Almanor\\Documents\\MyPy\\GitHub\\lacc-dev\\Bulletin Builder\\src\\bulletin_builder\\ui\\announcements.py",
    "fix": null,
    "location": {
      "column": 44,
      "row": 293
    },
    "message": "Multiple statements on one line (semicolon)",
    "noqa_row": 293,
    "url": "https://docs.astral.sh/ruff/rules/multiple-statements-on-one-line-semicolon"
  },
  {
    "cell": null,
    "code": "F401",
    "end_location": {
      "column": 21,
      "row": 2
    },
    "filename": "C:\\Users\\LogunJohnston\\OneDrive - Lake Almanor\\Documents\\MyPy\\GitHub\\lacc-dev\\Bulletin Builder\\src\\bulletin_builder\\ui\\calendar_event_dialog.py",
    "fix": {
      "applicability": "safe",
      "edits": [
        {
          "content": "",
          "end_location": {
            "column": 1,
            "row": 3
          },
          "location": {
            "column": 1,
            "row": 2
          }
        }
      ],
      "message": "Remove unused import: `tkinter`"
    },
    "location": {
      "column": 19,
      "row": 2
    },
    "message": "`tkinter` imported but unused",
    "noqa_row": 2,
    "url": "https://docs.astral.sh/ruff/rules/unused-import"
  },
  {
    "cell": null,
    "code": "F811",
    "end_location": {
      "column": 24,
      "row": 56
    },
    "filename": "C:\\Users\\LogunJohnston\\OneDrive - Lake Almanor\\Documents\\MyPy\\GitHub\\lacc-dev\\Bulletin Builder\\src\\bulletin_builder\\ui\\component_library.py",
    "fix": null,
    "location": {
      "column": 9,
      "row": 56
    },
    "message": "Redefinition of unused `load_components` from line 45",
    "noqa_row": 56,
    "url": "https://docs.astral.sh/ruff/rules/redefined-while-unused"
  },
  {
    "cell": null,
    "code": "F401",
    "end_location": {
      "column": 21,
      "row": 2
    },
    "filename": "C:\\Users\\LogunJohnston\\OneDrive - Lake Almanor\\Documents\\MyPy\\GitHub\\lacc-dev\\Bulletin Builder\\src\\bulletin_builder\\ui\\email_dialog.py",
    "fix": {
      "applicability": "safe",
      "edits": [
        {
          "content": "",
          "end_location": {
            "column": 1,
            "row": 3
          },
          "location": {
            "column": 1,
            "row": 2
          }
        }
      ],
      "message": "Remove unused import: `tkinter`"
    },
    "location": {
      "column": 19,
      "row": 2
    },
    "message": "`tkinter` imported but unused",
    "noqa_row": 2,
    "url": "https://docs.astral.sh/ruff/rules/unused-import"
  },
  {
    "cell": null,
    "code": "F401",
    "end_location": {
      "column": 40,
      "row": 2
    },
    "filename": "C:\\Users\\LogunJohnston\\OneDrive - Lake Almanor\\Documents\\MyPy\\GitHub\\lacc-dev\\Bulletin Builder\\src\\bulletin_builder\\ui\\settings.py",
    "fix": {
      "applicability": "safe",
      "edits": [
        {
          "content": "",
          "end_location": {
            "column": 1,
            "row": 3
          },
          "location": {
            "column": 1,
            "row": 2
          }
        }
      ],
      "message": "Remove unused import: `tkinter.messagebox`"
    },
    "location": {
      "column": 30,
      "row": 2
    },
    "message": "`tkinter.messagebox` imported but unused",
    "noqa_row": 2,
    "url": "https://docs.astral.sh/ruff/rules/unused-import"
  },
  {
    "cell": null,
    "code": "F401",
    "end_location": {
      "column": 24,
      "row": 5
    },
    "filename": "C:\\Users\\LogunJohnston\\OneDrive - Lake Almanor\\Documents\\MyPy\\GitHub\\lacc-dev\\Bulletin Builder\\src\\bulletin_builder\\ui\\settings.py",
    "fix": {
      "applicability": "safe",
      "edits": [
        {
          "content": "",
          "end_location": {
            "column": 1,
            "row": 8
          },
          "location": {
            "column": 1,
            "row": 4
          }
        }
      ],
      "message": "Remove unused import"
    },
    "location": {
      "column": 5,
      "row": 5
    },
    "message": "`bulletin_builder.app_core.config.save_google_api_key` imported but unused",
    "noqa_row": 5,
    "url": "https://docs.astral.sh/ruff/rules/unused-import"
  },
  {
    "cell": null,
    "code": "F401",
    "end_location": {
      "column": 41,
      "row": 5
    },
    "filename": "C:\\Users\\LogunJohnston\\OneDrive - Lake Almanor\\Documents\\MyPy\\GitHub\\lacc-dev\\Bulletin Builder\\src\\bulletin_builder\\ui\\settings.py",
    "fix": {
      "applicability": "safe",
      "edits": [
        {
          "content": "",
          "end_location": {
            "column": 1,
            "row": 8
          },
          "location": {
            "column": 1,
            "row": 4
          }
        }
      ],
      "message": "Remove unused import"
    },
    "location": {
      "column": 26,
      "row": 5
    },
    "message": "`bulletin_builder.app_core.config.save_openai_key` imported but unused",
    "noqa_row": 5,
    "url": "https://docs.astral.sh/ruff/rules/unused-import"
  },
  {
    "cell": null,
    "code": "F401",
    "end_location": {
      "column": 63,
      "row": 5
    },
    "filename": "C:\\Users\\LogunJohnston\\OneDrive - Lake Almanor\\Documents\\MyPy\\GitHub\\lacc-dev\\Bulletin Builder\\src\\bulletin_builder\\ui\\settings.py",
    "fix": {
      "applicability": "safe",
      "edits": [
        {
          "content": "",
          "end_location": {
            "column": 1,
            "row": 8
          },
          "location": {
            "column": 1,
            "row": 4
          }
        }
      ],
      "message": "Remove unused import"
    },
    "location": {
      "column": 43,
      "row": 5
    },
    "message": "`bulletin_builder.app_core.config.save_events_feed_url` imported but unused",
    "noqa_row": 5,
    "url": "https://docs.astral.sh/ruff/rules/unused-import"
  },
  {
    "cell": null,
    "code": "F401",
    "end_location": {
      "column": 24,
      "row": 6
    },
    "filename": "C:\\Users\\LogunJohnston\\OneDrive - Lake Almanor\\Documents\\MyPy\\GitHub\\lacc-dev\\Bulletin Builder\\src\\bulletin_builder\\ui\\settings.py",
    "fix": {
      "applicability": "safe",
      "edits": [
        {
          "content": "",
          "end_location": {
            "column": 1,
            "row": 8
          },
          "location": {
            "column": 1,
            "row": 4
          }
        }
      ],
      "message": "Remove unused import"
    },
    "location": {
      "column": 5,
      "row": 6
    },
    "message": "`bulletin_builder.app_core.config.load_google_api_key` imported but unused",
    "noqa_row": 6,
    "url": "https://docs.astral.sh/ruff/rules/unused-import"
  },
  {
    "cell": null,
    "code": "F401",
    "end_location": {
      "column": 41,
      "row": 6
    },
    "filename": "C:\\Users\\LogunJohnston\\OneDrive - Lake Almanor\\Documents\\MyPy\\GitHub\\lacc-dev\\Bulletin Builder\\src\\bulletin_builder\\ui\\settings.py",
    "fix": {
      "applicability": "safe",
      "edits": [
        {
          "content": "",
          "end_location": {
            "column": 1,
            "row": 8
          },
          "location": {
            "column": 1,
            "row": 4
          }
        }
      ],
      "message": "Remove unused import"
    },
    "location": {
      "column": 26,
      "row": 6
    },
    "message": "`bulletin_builder.app_core.config.load_openai_key` imported but unused",
    "noqa_row": 6,
    "url": "https://docs.astral.sh/ruff/rules/unused-import"
  },
  {
    "cell": null,
    "code": "F401",
    "end_location": {
      "column": 63,
      "row": 6
    },
    "filename": "C:\\Users\\LogunJohnston\\OneDrive - Lake Almanor\\Documents\\MyPy\\GitHub\\lacc-dev\\Bulletin Builder\\src\\bulletin_builder\\ui\\settings.py",
    "fix": {
      "applicability": "safe",
      "edits": [
        {
          "content": "",
          "end_location": {
            "column": 1,
            "row": 8
          },
          "location": {
            "column": 1,
            "row": 4
          }
        }
      ],
      "message": "Remove unused import"
    },
    "location": {
      "column": 43,
      "row": 6
    },
    "message": "`bulletin_builder.app_core.config.load_events_feed_url` imported but unused",
    "noqa_row": 6,
    "url": "https://docs.astral.sh/ruff/rules/unused-import"
  },
  {
    "cell": null,
    "code": "F401",
    "end_location": {
      "column": 14,
      "row": 37
    },
    "filename": "C:\\Users\\LogunJohnston\\OneDrive - Lake Almanor\\Documents\\MyPy\\GitHub\\lacc-dev\\Bulletin Builder\\src\\bulletin_builder\\ui\\settings.py",
    "fix": {
      "applicability": "safe",
      "edits": [
        {
          "content": "",
          "end_location": {
            "column": 1,
            "row": 38
          },
          "location": {
            "column": 1,
            "row": 37
          }
        }
      ],
      "message": "Remove unused import: `os`"
    },
    "location": {
      "column": 12,
      "row": 37
    },
    "message": "`os` imported but unused",
    "noqa_row": 37,
    "url": "https://docs.astral.sh/ruff/rules/unused-import"
  },
  {
    "cell": null,
    "code": "F401",
    "end_location": {
      "column": 32,
      "row": 17
    },
    "filename": "C:\\Users\\LogunJohnston\\OneDrive - Lake Almanor\\Documents\\MyPy\\GitHub\\lacc-dev\\Bulletin Builder\\tests\\debug_app.py",
    "fix": {
      "applicability": "safe",
      "edits": [
        {
          "content": "",
          "end_location": {
            "column": 1,
            "row": 18
          },
          "location": {
            "column": 1,
            "row": 17
          }
        }
      ],
      "message": "Remove unused import: `bulletin_builder`"
    },
    "location": {
      "column": 16,
      "row": 17
    },
    "message": "`bulletin_builder` imported but unused",
    "noqa_row": 17,
    "url": "https://docs.astral.sh/ruff/rules/unused-import"
  },
  {
    "cell": null,
    "code": "F401",
    "end_location": {
      "column": 53,
      "row": 25
    },
    "filename": "C:\\Users\\LogunJohnston\\OneDrive - Lake Almanor\\Documents\\MyPy\\GitHub\\lacc-dev\\Bulletin Builder\\tests\\debug_app.py",
    "fix": {
      "applicability": "safe",
      "edits": [
        {
          "content": "",
          "end_location": {
            "column": 1,
            "row": 26
          },
          "location": {
            "column": 1,
            "row": 25
          }
        }
      ],
      "message": "Remove unused import: `bulletin_builder.app_core.config`"
    },
    "location": {
      "column": 47,
      "row": 25
    },
    "message": "`bulletin_builder.app_core.config` imported but unused",
    "noqa_row": 25,
    "url": "https://docs.astral.sh/ruff/rules/unused-import"
  },
  {
    "cell": null,
    "code": "F401",
    "end_location": {
      "column": 66,
      "row": 33
    },
    "filename": "C:\\Users\\LogunJohnston\\OneDrive - Lake Almanor\\Documents\\MyPy\\GitHub\\lacc-dev\\Bulletin Builder\\tests\\debug_app.py",
    "fix": {
      "applicability": "safe",
      "edits": [
        {
          "content": "",
          "end_location": {
            "column": 1,
            "row": 34
          },
          "location": {
            "column": 1,
            "row": 33
          }
        }
      ],
      "message": "Remove unused import"
    },
    "location": {
      "column": 54,
      "row": 33
    },
    "message": "`bulletin_builder.app_core.config.load_api_key` imported but unused",
    "noqa_row": 33,
    "url": "https://docs.astral.sh/ruff/rules/unused-import"
  },
  {
    "cell": null,
    "code": "F401",
    "end_location": {
      "column": 83,
      "row": 33
    },
    "filename": "C:\\Users\\LogunJohnston\\OneDrive - Lake Almanor\\Documents\\MyPy\\GitHub\\lacc-dev\\Bulletin Builder\\tests\\debug_app.py",
    "fix": {
      "applicability": "safe",
      "edits": [
        {
          "content": "",
          "end_location": {
            "column": 1,
            "row": 34
          },
          "location": {
            "column": 1,
            "row": 33
          }
        }
      ],
      "message": "Remove unused import"
    },
    "location": {
      "column": 68,
      "row": 33
    },
    "message": "`bulletin_builder.app_core.config.load_openai_key` imported but unused",
    "noqa_row": 33,
    "url": "https://docs.astral.sh/ruff/rules/unused-import"
  },
  {
    "cell": null,
    "code": "F401",
    "end_location": {
      "column": 105,
      "row": 33
    },
    "filename": "C:\\Users\\LogunJohnston\\OneDrive - Lake Almanor\\Documents\\MyPy\\GitHub\\lacc-dev\\Bulletin Builder\\tests\\debug_app.py",
    "fix": {
      "applicability": "safe",
      "edits": [
        {
          "content": "",
          "end_location": {
            "column": 1,
            "row": 34
          },
          "location": {
            "column": 1,
            "row": 33
          }
        }
      ],
      "message": "Remove unused import"
    },
    "location": {
      "column": 85,
      "row": 33
    },
    "message": "`bulletin_builder.app_core.config.load_events_feed_url` imported but unused",
    "noqa_row": 33,
    "url": "https://docs.astral.sh/ruff/rules/unused-import"
  },
  {
    "cell": null,
    "code": "F401",
    "end_location": {
      "column": 62,
      "row": 1
    },
    "filename": "C:\\Users\\LogunJohnston\\OneDrive - Lake Almanor\\Documents\\MyPy\\GitHub\\lacc-dev\\Bulletin Builder\\tests\\test_exporter.py",
    "fix": {
      "applicability": "safe",
      "edits": [
        {
          "content": "",
          "end_location": {
            "column": 1,
            "row": 2
          },
          "location": {
            "column": 1,
            "row": 1
          }
        }
      ],
      "message": "Remove unused import: `bulletin_builder.postprocess.ensure_postprocessed`"
    },
    "location": {
      "column": 42,
      "row": 1
    },
    "message": "`bulletin_builder.postprocess.ensure_postprocessed` imported but unused",
    "noqa_row": 1,
    "url": "https://docs.astral.sh/ruff/rules/unused-import"
  },
  {
    "cell": null,
    "code": "F401",
    "end_location": {
      "column": 14,
      "row": 2
    },
    "filename": "C:\\Users\\LogunJohnston\\OneDrive - Lake Almanor\\Documents\\MyPy\\GitHub\\lacc-dev\\Bulletin Builder\\tests\\test_exporter.py",
    "fix": {
      "applicability": "safe",
      "edits": [
        {
          "content": "",
          "end_location": {
            "column": 1,
            "row": 3
          },
          "location": {
            "column": 1,
            "row": 2
          }
        }
      ],
      "message": "Remove unused import: `pytest`"
    },
    "location": {
      "column": 8,
      "row": 2
    },
    "message": "`pytest` imported but unused",
    "noqa_row": 2,
    "url": "https://docs.astral.sh/ruff/rules/unused-import"
  },
  {
    "cell": null,
    "code": "F401",
    "end_location": {
      "column": 10,
      "row": 1
    },
    "filename": "C:\\Users\\LogunJohnston\\OneDrive - Lake Almanor\\Documents\\MyPy\\GitHub\\lacc-dev\\Bulletin Builder\\tests\\test_html_corruption_guards.py",
    "fix": {
      "applicability": "safe",
      "edits": [
        {
          "content": "",
          "end_location": {
            "column": 1,
            "row": 2
          },
          "location": {
            "column": 1,
            "row": 1
          }
        }
      ],
      "message": "Remove unused import: `re`"
    },
    "location": {
      "column": 8,
      "row": 1
    },
    "message": "`re` imported but unused",
    "noqa_row": 1,
    "url": "https://docs.astral.sh/ruff/rules/unused-import"
  },
  {
    "cell": null,
    "code": "F401",
    "end_location": {
      "column": 10,
      "row": 6
    },
    "filename": "C:\\Users\\LogunJohnston\\OneDrive - Lake Almanor\\Documents\\MyPy\\GitHub\\lacc-dev\\Bulletin Builder\\tests\\test_https_functionality.py",
    "fix": {
      "applicability": "safe",
      "edits": [
        {
          "content": "",
          "end_location": {
            "column": 1,
            "row": 7
          },
          "location": {
            "column": 1,
            "row": 6
          }
        }
      ],
      "message": "Remove unused import: `os`"
    },
    "location": {
      "column": 8,
      "row": 6
    },
    "message": "`os` imported but unused",
    "noqa_row": 6,
    "url": "https://docs.astral.sh/ruff/rules/unused-import"
  },
  {
    "cell": null,
    "code": "F401",
    "end_location": {
      "column": 75,
      "row": 16
    },
    "filename": "C:\\Users\\LogunJohnston\\OneDrive - Lake Almanor\\Documents\\MyPy\\GitHub\\lacc-dev\\Bulletin Builder\\tests\\test_https_functionality.py",
    "fix": {
      "applicability": "safe",
      "edits": [
        {
          "content": "",
          "end_location": {
            "column": 1,
            "row": 17
          },
          "location": {
            "column": 1,
            "row": 16
          }
        }
      ],
      "message": "Remove unused import: `bulletin_builder.app_core.sanitize.sanitize_email_html`"
    },
    "location": {
      "column": 56,
      "row": 16
    },
    "message": "`bulletin_builder.app_core.sanitize.sanitize_email_html` imported but unused",
    "noqa_row": 16,
    "url": "https://docs.astral.sh/ruff/rules/unused-import"
  },
  {
    "cell": null,
    "code": "E722",
    "end_location": {
      "column": 19,
      "row": 41
    },
    "filename": "C:\\Users\\LogunJohnston\\OneDrive - Lake Almanor\\Documents\\MyPy\\GitHub\\lacc-dev\\Bulletin Builder\\tests\\test_https_guard.py",
    "fix": null,
    "location": {
      "column": 13,
      "row": 41
    },
    "message": "Do not use bare `except`",
    "noqa_row": 41,
    "url": "https://docs.astral.sh/ruff/rules/bare-except"
  },
  {
    "cell": null,
    "code": "F841",
    "end_location": {
      "column": 32,
      "row": 57
    },
    "filename": "C:\\Users\\LogunJohnston\\OneDrive - Lake Almanor\\Documents\\MyPy\\GitHub\\lacc-dev\\Bulletin Builder\\tests\\test_https_guard.py",
    "fix": {
      "applicability": "unsafe",
      "edits": [
        {
          "content": "pass",
          "end_location": {
            "column": 39,
            "row": 57
          },
          "location": {
            "column": 17,
            "row": 57
          }
        }
      ],
      "message": "Remove assignment to unused variable `clipboard_found`"
    },
    "location": {
      "column": 17,
      "row": 57
    },
    "message": "Local variable `clipboard_found` is assigned to but never used",
    "noqa_row": 57,
    "url": "https://docs.astral.sh/ruff/rules/unused-variable"
  },
  {
    "cell": null,
    "code": "E722",
    "end_location": {
      "column": 15,
      "row": 60
    },
    "filename": "C:\\Users\\LogunJohnston\\OneDrive - Lake Almanor\\Documents\\MyPy\\GitHub\\lacc-dev\\Bulletin Builder\\tests\\test_https_guard.py",
    "fix": null,
    "location": {
      "column": 9,
      "row": 60
    },
    "message": "Do not use bare `except`",
    "noqa_row": 60,
    "url": "https://docs.astral.sh/ruff/rules/bare-except"
  },
  {
    "cell": null,
    "code": "F401",
    "end_location": {
      "column": 14,
      "row": 1
    },
    "filename": "C:\\Users\\LogunJohnston\\OneDrive - Lake Almanor\\Documents\\MyPy\\GitHub\\lacc-dev\\Bulletin Builder\\tests\\test_rules_enforced.py",
    "fix": {
      "applicability": "safe",
      "edits": [
        {
          "content": "",
          "end_location": {
            "column": 1,
            "row": 2
          },
          "location": {
            "column": 1,
            "row": 1
          }
        }
      ],
      "message": "Remove unused import: `pytest`"
    },
    "location": {
      "column": 8,
      "row": 1
    },
    "message": "`pytest` imported but unused",
    "noqa_row": 1,
    "url": "https://docs.astral.sh/ruff/rules/unused-import"
  },
  {
    "cell": null,
    "code": "F401",
    "end_location": {
      "column": 10,
      "row": 1
    },
    "filename": "C:\\Users\\LogunJohnston\\OneDrive - Lake Almanor\\Documents\\MyPy\\GitHub\\lacc-dev\\Bulletin Builder\\tests\\test_smoke.py",
    "fix": {
      "applicability": "safe",
      "edits": [
        {
          "content": "",
          "end_location": {
            "column": 1,
            "row": 2
          },
          "location": {
            "column": 1,
            "row": 1
          }
        }
      ],
      "message": "Remove unused import: `os`"
    },
    "location": {
      "column": 8,
      "row": 1
    },
    "message": "`os` imported but unused",
    "noqa_row": 1,
    "url": "https://docs.astral.sh/ruff/rules/unused-import"
  },
  {
    "cell": null,
    "code": "E401",
    "end_location": {
      "column": 25,
      "row": 9
    },
    "filename": "C:\\Users\\LogunJohnston\\OneDrive - Lake Almanor\\Documents\\MyPy\\GitHub\\lacc-dev\\Bulletin Builder\\tools\\baseline_audit.py",
    "fix": {
      "applicability": "safe",
      "edits": [
        {
          "content": "import argparse\r\nimport re\r\nimport sys",
          "end_location": {
            "column": 25,
            "row": 9
          },
          "location": {
            "column": 1,
            "row": 9
          }
        }
      ],
      "message": "Split imports"
    },
    "location": {
      "column": 1,
      "row": 9
    },
    "message": "Multiple imports on one line",
    "noqa_row": 9,
    "url": "https://docs.astral.sh/ruff/rules/multiple-imports-on-one-line"
  },
  {
    "cell": null,
    "code": "E701",
    "end_location": {
      "column": 14,
      "row": 31
    },
    "filename": "C:\\Users\\LogunJohnston\\OneDrive - Lake Almanor\\Documents\\MyPy\\GitHub\\lacc-dev\\Bulletin Builder\\tools\\baseline_audit.py",
    "fix": null,
    "location": {
      "column": 13,
      "row": 31
    },
    "message": "Multiple statements on one line (colon)",
    "noqa_row": 31,
    "url": "https://docs.astral.sh/ruff/rules/multiple-statements-on-one-line-colon"
  },
  {
    "cell": null,
    "code": "E701",
    "end_location": {
      "column": 14,
      "row": 37
    },
    "filename": "C:\\Users\\LogunJohnston\\OneDrive - Lake Almanor\\Documents\\MyPy\\GitHub\\lacc-dev\\Bulletin Builder\\tools\\baseline_audit.py",
    "fix": null,
    "location": {
      "column": 13,
      "row": 37
    },
    "message": "Multiple statements on one line (colon)",
    "noqa_row": 37,
    "url": "https://docs.astral.sh/ruff/rules/multiple-statements-on-one-line-colon"
  },
  {
    "cell": null,
    "code": "E701",
    "end_location": {
      "column": 14,
      "row": 42
    },
    "filename": "C:\\Users\\LogunJohnston\\OneDrive - Lake Almanor\\Documents\\MyPy\\GitHub\\lacc-dev\\Bulletin Builder\\tools\\baseline_audit.py",
    "fix": null,
    "location": {
      "column": 13,
      "row": 42
    },
    "message": "Multiple statements on one line (colon)",
    "noqa_row": 42,
    "url": "https://docs.astral.sh/ruff/rules/multiple-statements-on-one-line-colon"
  },
  {
    "cell": null,
    "code": "E701",
    "end_location": {
      "column": 24,
      "row": 65
    },
    "filename": "C:\\Users\\LogunJohnston\\OneDrive - Lake Almanor\\Documents\\MyPy\\GitHub\\lacc-dev\\Bulletin Builder\\tools\\baseline_audit.py",
    "fix": null,
    "location": {
      "column": 23,
      "row": 65
    },
    "message": "Multiple statements on one line (colon)",
    "noqa_row": 65,
    "url": "https://docs.astral.sh/ruff/rules/multiple-statements-on-one-line-colon"
  },
  {
    "cell": null,
    "code": "E701",
    "end_location": {
      "column": 21,
      "row": 66
    },
    "filename": "C:\\Users\\LogunJohnston\\OneDrive - Lake Almanor\\Documents\\MyPy\\GitHub\\lacc-dev\\Bulletin Builder\\tools\\baseline_audit.py",
    "fix": null,
    "location": {
      "column": 20,
      "row": 66
    },
    "message": "Multiple statements on one line (colon)",
    "noqa_row": 66,
    "url": "https://docs.astral.sh/ruff/rules/multiple-statements-on-one-line-colon"
  },
  {
    "cell": null,
    "code": "E701",
    "end_location": {
      "column": 23,
      "row": 67
    },
    "filename": "C:\\Users\\LogunJohnston\\OneDrive - Lake Almanor\\Documents\\MyPy\\GitHub\\lacc-dev\\Bulletin Builder\\tools\\baseline_audit.py",
    "fix": null,
    "location": {
      "column": 22,
      "row": 67
    },
    "message": "Multiple statements on one line (colon)",
    "noqa_row": 67,
    "url": "https://docs.astral.sh/ruff/rules/multiple-statements-on-one-line-colon"
  },
  {
    "cell": null,
    "code": "E701",
    "end_location": {
      "column": 21,
      "row": 68
    },
    "filename": "C:\\Users\\LogunJohnston\\OneDrive - Lake Almanor\\Documents\\MyPy\\GitHub\\lacc-dev\\Bulletin Builder\\tools\\baseline_audit.py",
    "fix": null,
    "location": {
      "column": 20,
      "row": 68
    },
    "message": "Multiple statements on one line (colon)",
    "noqa_row": 68,
    "url": "https://docs.astral.sh/ruff/rules/multiple-statements-on-one-line-colon"
  },
  {
    "cell": null,
    "code": "E701",
    "end_location": {
      "column": 19,
      "row": 69
    },
    "filename": "C:\\Users\\LogunJohnston\\OneDrive - Lake Almanor\\Documents\\MyPy\\GitHub\\lacc-dev\\Bulletin Builder\\tools\\baseline_audit.py",
    "fix": null,
    "location": {
      "column": 18,
      "row": 69
    },
    "message": "Multiple statements on one line (colon)",
    "noqa_row": 69,
    "url": "https://docs.astral.sh/ruff/rules/multiple-statements-on-one-line-colon"
  },
  {
    "cell": null,
    "code": "E701",
    "end_location": {
      "column": 23,
      "row": 70
    },
    "filename": "C:\\Users\\LogunJohnston\\OneDrive - Lake Almanor\\Documents\\MyPy\\GitHub\\lacc-dev\\Bulletin Builder\\tools\\baseline_audit.py",
    "fix": null,
    "location": {
      "column": 22,
      "row": 70
    },
    "message": "Multiple statements on one line (colon)",
    "noqa_row": 70,
    "url": "https://docs.astral.sh/ruff/rules/multiple-statements-on-one-line-colon"
  },
  {
    "cell": null,
    "code": "E701",
    "end_location": {
      "column": 17,
      "row": 71
    },
    "filename": "C:\\Users\\LogunJohnston\\OneDrive - Lake Almanor\\Documents\\MyPy\\GitHub\\lacc-dev\\Bulletin Builder\\tools\\baseline_audit.py",
    "fix": null,
    "location": {
      "column": 16,
      "row": 71
    },
    "message": "Multiple statements on one line (colon)",
    "noqa_row": 71,
    "url": "https://docs.astral.sh/ruff/rules/multiple-statements-on-one-line-colon"
  },
  {
    "cell": null,
    "code": "E701",
    "end_location": {
      "column": 28,
      "row": 81
    },
    "filename": "C:\\Users\\LogunJohnston\\OneDrive - Lake Almanor\\Documents\\MyPy\\GitHub\\lacc-dev\\Bulletin Builder\\tools\\baseline_audit.py",
    "fix": null,
    "location": {
      "column": 27,
      "row": 81
    },
    "message": "Multiple statements on one line (colon)",
    "noqa_row": 81,
    "url": "https://docs.astral.sh/ruff/rules/multiple-statements-on-one-line-colon"
  },
  {
    "cell": null,
    "code": "E701",
    "end_location": {
      "column": 25,
      "row": 82
    },
    "filename": "C:\\Users\\LogunJohnston\\OneDrive - Lake Almanor\\Documents\\MyPy\\GitHub\\lacc-dev\\Bulletin Builder\\tools\\baseline_audit.py",
    "fix": null,
    "location": {
      "column": 24,
      "row": 82
    },
    "message": "Multiple statements on one line (colon)",
    "noqa_row": 82,
    "url": "https://docs.astral.sh/ruff/rules/multiple-statements-on-one-line-colon"
  },
  {
    "cell": null,
    "code": "E701",
    "end_location": {
      "column": 23,
      "row": 83
    },
    "filename": "C:\\Users\\LogunJohnston\\OneDrive - Lake Almanor\\Documents\\MyPy\\GitHub\\lacc-dev\\Bulletin Builder\\tools\\baseline_audit.py",
    "fix": null,
    "location": {
      "column": 22,
      "row": 83
    },
    "message": "Multiple statements on one line (colon)",
    "noqa_row": 83,
    "url": "https://docs.astral.sh/ruff/rules/multiple-statements-on-one-line-colon"
  },
  {
    "cell": null,
    "code": "E401",
    "end_location": {
      "column": 25,
      "row": 143
    },
    "filename": "C:\\Users\\LogunJohnston\\OneDrive - Lake Almanor\\Documents\\MyPy\\GitHub\\lacc-dev\\Bulletin Builder\\tools\\baseline_audit.py",
    "fix": {
      "applicability": "safe",
      "edits": [
        {
          "content": "import argparse\r\nimport re\r\nimport sys",
          "end_location": {
            "column": 25,
            "row": 143
          },
          "location": {
            "column": 1,
            "row": 143
          }
        }
      ],
      "message": "Split imports"
    },
    "location": {
      "column": 1,
      "row": 143
    },
    "message": "Multiple imports on one line",
    "noqa_row": 143,
    "url": "https://docs.astral.sh/ruff/rules/multiple-imports-on-one-line"
  },
  {
    "cell": null,
    "code": "E402",
    "end_location": {
      "column": 25,
      "row": 143
    },
    "filename": "C:\\Users\\LogunJohnston\\OneDrive - Lake Almanor\\Documents\\MyPy\\GitHub\\lacc-dev\\Bulletin Builder\\tools\\baseline_audit.py",
    "fix": null,
    "location": {
      "column": 1,
      "row": 143
    },
    "message": "Module level import not at top of file",
    "noqa_row": 143,
    "url": "https://docs.astral.sh/ruff/rules/module-import-not-at-top-of-file"
  },
  {
    "cell": null,
    "code": "F811",
    "end_location": {
      "column": 16,
      "row": 143
    },
    "filename": "C:\\Users\\LogunJohnston\\OneDrive - Lake Almanor\\Documents\\MyPy\\GitHub\\lacc-dev\\Bulletin Builder\\tools\\baseline_audit.py",
    "fix": {
      "applicability": "safe",
      "edits": [
        {
          "content": "import re, sys",
          "end_location": {
            "column": 25,
            "row": 143
          },
          "location": {
            "column": 1,
            "row": 143
          }
        }
      ],
      "message": "Remove definition: `argparse`"
    },
    "location": {
      "column": 8,
      "row": 143
    },
    "message": "Redefinition of unused `argparse` from line 9",
    "noqa_row": 143,
    "url": "https://docs.astral.sh/ruff/rules/redefined-while-unused"
  },
  {
    "cell": null,
    "code": "E402",
    "end_location": {
      "column": 25,
      "row": 144
    },
    "filename": "C:\\Users\\LogunJohnston\\OneDrive - Lake Almanor\\Documents\\MyPy\\GitHub\\lacc-dev\\Bulletin Builder\\tools\\baseline_audit.py",
    "fix": null,
    "location": {
      "column": 1,
      "row": 144
    },
    "message": "Module level import not at top of file",
    "noqa_row": 144,
    "url": "https://docs.astral.sh/ruff/rules/module-import-not-at-top-of-file"
  },
  {
    "cell": null,
    "code": "E402",
    "end_location": {
      "column": 35,
      "row": 145
    },
    "filename": "C:\\Users\\LogunJohnston\\OneDrive - Lake Almanor\\Documents\\MyPy\\GitHub\\lacc-dev\\Bulletin Builder\\tools\\baseline_audit.py",
    "fix": null,
    "location": {
      "column": 1,
      "row": 145
    },
    "message": "Module level import not at top of file",
    "noqa_row": 145,
    "url": "https://docs.astral.sh/ruff/rules/module-import-not-at-top-of-file"
  },
  {
    "cell": null,
    "code": "E701",
    "end_location": {
      "column": 14,
      "row": 165
    },
    "filename": "C:\\Users\\LogunJohnston\\OneDrive - Lake Almanor\\Documents\\MyPy\\GitHub\\lacc-dev\\Bulletin Builder\\tools\\baseline_audit.py",
    "fix": null,
    "location": {
      "column": 13,
      "row": 165
    },
    "message": "Multiple statements on one line (colon)",
    "noqa_row": 165,
    "url": "https://docs.astral.sh/ruff/rules/multiple-statements-on-one-line-colon"
  },
  {
    "cell": null,
    "code": "E701",
    "end_location": {
      "column": 14,
      "row": 171
    },
    "filename": "C:\\Users\\LogunJohnston\\OneDrive - Lake Almanor\\Documents\\MyPy\\GitHub\\lacc-dev\\Bulletin Builder\\tools\\baseline_audit.py",
    "fix": null,
    "location": {
      "column": 13,
      "row": 171
    },
    "message": "Multiple statements on one line (colon)",
    "noqa_row": 171,
    "url": "https://docs.astral.sh/ruff/rules/multiple-statements-on-one-line-colon"
  },
  {
    "cell": null,
    "code": "E701",
    "end_location": {
      "column": 14,
      "row": 176
    },
    "filename": "C:\\Users\\LogunJohnston\\OneDrive - Lake Almanor\\Documents\\MyPy\\GitHub\\lacc-dev\\Bulletin Builder\\tools\\baseline_audit.py",
    "fix": null,
    "location": {
      "column": 13,
      "row": 176
    },
    "message": "Multiple statements on one line (colon)",
    "noqa_row": 176,
    "url": "https://docs.astral.sh/ruff/rules/multiple-statements-on-one-line-colon"
  },
  {
    "cell": null,
    "code": "F811",
    "end_location": {
      "column": 14,
      "row": 180
    },
    "filename": "C:\\Users\\LogunJohnston\\OneDrive - Lake Almanor\\Documents\\MyPy\\GitHub\\lacc-dev\\Bulletin Builder\\tools\\baseline_audit.py",
    "fix": null,
    "location": {
      "column": 5,
      "row": 180
    },
    "message": "Redefinition of unused `audit_one` from line 46",
    "noqa_row": 180,
    "url": "https://docs.astral.sh/ruff/rules/redefined-while-unused"
  },
  {
    "cell": null,
    "code": "E701",
    "end_location": {
      "column": 24,
      "row": 199
    },
    "filename": "C:\\Users\\LogunJohnston\\OneDrive - Lake Almanor\\Documents\\MyPy\\GitHub\\lacc-dev\\Bulletin Builder\\tools\\baseline_audit.py",
    "fix": null,
    "location": {
      "column": 23,
      "row": 199
    },
    "message": "Multiple statements on one line (colon)",
    "noqa_row": 199,
    "url": "https://docs.astral.sh/ruff/rules/multiple-statements-on-one-line-colon"
  },
  {
    "cell": null,
    "code": "E701",
    "end_location": {
      "column": 21,
      "row": 200
    },
    "filename": "C:\\Users\\LogunJohnston\\OneDrive - Lake Almanor\\Documents\\MyPy\\GitHub\\lacc-dev\\Bulletin Builder\\tools\\baseline_audit.py",
    "fix": null,
    "location": {
      "column": 20,
      "row": 200
    },
    "message": "Multiple statements on one line (colon)",
    "noqa_row": 200,
    "url": "https://docs.astral.sh/ruff/rules/multiple-statements-on-one-line-colon"
  },
  {
    "cell": null,
    "code": "E701",
    "end_location": {
      "column": 23,
      "row": 201
    },
    "filename": "C:\\Users\\LogunJohnston\\OneDrive - Lake Almanor\\Documents\\MyPy\\GitHub\\lacc-dev\\Bulletin Builder\\tools\\baseline_audit.py",
    "fix": null,
    "location": {
      "column": 22,
      "row": 201
    },
    "message": "Multiple statements on one line (colon)",
    "noqa_row": 201,
    "url": "https://docs.astral.sh/ruff/rules/multiple-statements-on-one-line-colon"
  },
  {
    "cell": null,
    "code": "E701",
    "end_location": {
      "column": 21,
      "row": 202
    },
    "filename": "C:\\Users\\LogunJohnston\\OneDrive - Lake Almanor\\Documents\\MyPy\\GitHub\\lacc-dev\\Bulletin Builder\\tools\\baseline_audit.py",
    "fix": null,
    "location": {
      "column": 20,
      "row": 202
    },
    "message": "Multiple statements on one line (colon)",
    "noqa_row": 202,
    "url": "https://docs.astral.sh/ruff/rules/multiple-statements-on-one-line-colon"
  },
  {
    "cell": null,
    "code": "E701",
    "end_location": {
      "column": 19,
      "row": 203
    },
    "filename": "C:\\Users\\LogunJohnston\\OneDrive - Lake Almanor\\Documents\\MyPy\\GitHub\\lacc-dev\\Bulletin Builder\\tools\\baseline_audit.py",
    "fix": null,
    "location": {
      "column": 18,
      "row": 203
    },
    "message": "Multiple statements on one line (colon)",
    "noqa_row": 203,
    "url": "https://docs.astral.sh/ruff/rules/multiple-statements-on-one-line-colon"
  },
  {
    "cell": null,
    "code": "E701",
    "end_location": {
      "column": 23,
      "row": 204
    },
    "filename": "C:\\Users\\LogunJohnston\\OneDrive - Lake Almanor\\Documents\\MyPy\\GitHub\\lacc-dev\\Bulletin Builder\\tools\\baseline_audit.py",
    "fix": null,
    "location": {
      "column": 22,
      "row": 204
    },
    "message": "Multiple statements on one line (colon)",
    "noqa_row": 204,
    "url": "https://docs.astral.sh/ruff/rules/multiple-statements-on-one-line-colon"
  },
  {
    "cell": null,
    "code": "E701",
    "end_location": {
      "column": 17,
      "row": 205
    },
    "filename": "C:\\Users\\LogunJohnston\\OneDrive - Lake Almanor\\Documents\\MyPy\\GitHub\\lacc-dev\\Bulletin Builder\\tools\\baseline_audit.py",
    "fix": null,
    "location": {
      "column": 16,
      "row": 205
    },
    "message": "Multiple statements on one line (colon)",
    "noqa_row": 205,
    "url": "https://docs.astral.sh/ruff/rules/multiple-statements-on-one-line-colon"
  },
  {
    "cell": null,
    "code": "E701",
    "end_location": {
      "column": 28,
      "row": 215
    },
    "filename": "C:\\Users\\LogunJohnston\\OneDrive - Lake Almanor\\Documents\\MyPy\\GitHub\\lacc-dev\\Bulletin Builder\\tools\\baseline_audit.py",
    "fix": null,
    "location": {
      "column": 27,
      "row": 215
    },
    "message": "Multiple statements on one line (colon)",
    "noqa_row": 215,
    "url": "https://docs.astral.sh/ruff/rules/multiple-statements-on-one-line-colon"
  },
  {
    "cell": null,
    "code": "E701",
    "end_location": {
      "column": 25,
      "row": 216
    },
    "filename": "C:\\Users\\LogunJohnston\\OneDrive - Lake Almanor\\Documents\\MyPy\\GitHub\\lacc-dev\\Bulletin Builder\\tools\\baseline_audit.py",
    "fix": null,
    "location": {
      "column": 24,
      "row": 216
    },
    "message": "Multiple statements on one line (colon)",
    "noqa_row": 216,
    "url": "https://docs.astral.sh/ruff/rules/multiple-statements-on-one-line-colon"
  },
  {
    "cell": null,
    "code": "E701",
    "end_location": {
      "column": 23,
      "row": 217
    },
    "filename": "C:\\Users\\LogunJohnston\\OneDrive - Lake Almanor\\Documents\\MyPy\\GitHub\\lacc-dev\\Bulletin Builder\\tools\\baseline_audit.py",
    "fix": null,
    "location": {
      "column": 22,
      "row": 217
    },
    "message": "Multiple statements on one line (colon)",
    "noqa_row": 217,
    "url": "https://docs.astral.sh/ruff/rules/multiple-statements-on-one-line-colon"
  },
  {
    "cell": null,
    "code": "E401",
    "end_location": {
      "column": 20,
      "row": 1
    },
    "filename": "C:\\Users\\LogunJohnston\\OneDrive - Lake Almanor\\Documents\\MyPy\\GitHub\\lacc-dev\\Bulletin Builder\\tools\\check_regex_quantifiers.py",
    "fix": {
      "applicability": "safe",
      "edits": [
        {
          "content": "import pathlib\r\nimport sys",
          "end_location": {
            "column": 20,
            "row": 1
          },
          "location": {
            "column": 1,
            "row": 1
          }
        }
      ],
      "message": "Split imports"
    },
    "location": {
      "column": 1,
      "row": 1
    },
    "message": "Multiple imports on one line",
    "noqa_row": 1,
    "url": "https://docs.astral.sh/ruff/rules/multiple-imports-on-one-line"
  },
  {
    "cell": null,
    "code": "E401",
    "end_location": {
      "column": 45,
      "row": 2
    },
    "filename": "C:\\Users\\LogunJohnston\\OneDrive - Lake Almanor\\Documents\\MyPy\\GitHub\\lacc-dev\\Bulletin Builder\\tools\\email_guard.py",
    "fix": {
      "applicability": "safe",
      "edits": [
        {
          "content": "import sys\r\nimport subprocess\r\nimport re\r\nimport pathlib\r\nimport fnmatch",
          "end_location": {
            "column": 45,
            "row": 2
          },
          "location": {
            "column": 1,
            "row": 2
          }
        }
      ],
      "message": "Split imports"
    },
    "location": {
      "column": 1,
      "row": 2
    },
    "message": "Multiple imports on one line",
    "noqa_row": 2,
    "url": "https://docs.astral.sh/ruff/rules/multiple-imports-on-one-line"
  },
  {
    "cell": null,
    "code": "E401",
    "end_location": {
      "column": 15,
      "row": 7
    },
    "filename": "C:\\Users\\LogunJohnston\\OneDrive - Lake Almanor\\Documents\\MyPy\\GitHub\\lacc-dev\\Bulletin Builder\\tools\\spot_fix_email_html.py",
    "fix": {
      "applicability": "safe",
      "edits": [
        {
          "content": "import sys\r\nimport re",
          "end_location": {
            "column": 15,
            "row": 7
          },
          "location": {
            "column": 1,
            "row": 7
          }
        }
      ],
      "message": "Split imports"
    },
    "location": {
      "column": 1,
      "row": 7
    },
    "message": "Multiple imports on one line",
    "noqa_row": 7,
    "url": "https://docs.astral.sh/ruff/rules/multiple-imports-on-one-line"
  }
]
